timestamp,heart_rate_bpm,spo2
2026-01-21T19:21:51.386Z,76.53,97.36
2026-01-21T19:21:53.386Z,75.5,97.25
2026-01-21T19:21:55.386Z,74.26,97.71
2026-01-21T19:21:57.386Z,74.96,97.21
2026-01-21T19:21:59.386Z,74.99,96.84
2026-01-21T19:22:01.386Z,75.15,96.4
2026-01-21T19:22:03.386Z,74.8,97.56
2026-01-21T19:22:05.386Z,75.27,97.21
2026-01-21T19:22:07.386Z,80.27,98.01
2026-01-21T19:22:09.386Z,74.44,97.49
2026-01-21T19:22:11.386Z,78.21,97.67
2026-01-21T19:22:13.386Z,72.58,97.27
2026-01-21T19:22:15.386Z,75.63,98.65
2026-01-21T19:22:17.386Z,77.12,96.64
2026-01-21T19:22:19.386Z,71.79,97.51
2026-01-21T19:22:21.386Z,76.6,96.27
2026-01-21T19:22:23.386Z,73.45,97.37
2026-01-21T19:22:25.386Z,80.83,97.09
2026-01-21T19:22:27.386Z,73.82,97.55
2026-01-21T19:22:29.386Z,77.66,97.41
2026-01-21T19:22:31.386Z,73.08,98.21
2026-01-21T19:22:33.386Z,76.11,96.62
2026-01-21T19:22:35.386Z,76.92,97.35
2026-01-21T19:22:37.386Z,74.51,96.69
2026-01-21T19:22:39.386Z,78.37,96.62
2026-01-21T19:22:41.386Z,71.46,96.75
2026-01-21T19:22:43.386Z,72.62,97.2
2026-01-21T19:22:45.386Z,79.02,98.09
2026-01-21T19:22:47.386Z,81.12,96.78
2026-01-21T19:22:49.386Z,77.04,97.35
2026-01-21T19:22:51.386Z,78.45,97.49
2026-01-21T19:22:53.386Z,75.18,97.3
2026-01-21T19:22:55.386Z,70.88,97.24
2026-01-21T19:22:57.386Z,73.52,96.99
2026-01-21T19:22:59.386Z,75.92,97.13
2026-01-21T19:23:01.386Z,77.5,98.16
2026-01-21T19:23:03.386Z,78.91,97.36
2026-01-21T19:23:05.386Z,74.31,97.87
2026-01-21T19:23:07.386Z,76.9,96.55
2026-01-21T19:23:09.386Z,76.9,96.75
2026-01-21T19:23:11.386Z,74.51,96.99
2026-01-21T19:23:13.386Z,76.51,97.87
2026-01-21T19:23:15.386Z,78.42,97.83
2026-01-21T19:23:17.386Z,83.97,96.82
2026-01-21T19:23:19.386Z,69.48,97.26
2026-01-21T19:23:21.386Z,75.77,96.76
2026-01-21T19:23:23.386Z,75.31,96.94
2026-01-21T19:23:25.386Z,73.0,97.16
2026-01-21T19:23:27.386Z,75.33,97.15
2026-01-21T19:23:29.386Z,76.79,96.84
2026-01-21T19:23:31.386Z,80.51,95.9
2026-01-21T19:23:33.386Z,79.96,98.1
2026-01-21T19:23:35.386Z,76.58,97.66
2026-01-21T19:23:37.386Z,78.87,96.36
2026-01-21T19:23:39.386Z,77.21,97.07
2026-01-21T19:23:41.386Z,78.45,97.59
2026-01-21T19:23:43.386Z,80.28,97.29
2026-01-21T19:23:45.386Z,77.09,97.82
2026-01-21T19:23:47.386Z,73.6,96.82
2026-01-21T19:23:49.386Z,79.12,97.17
2026-01-21T19:23:51.386Z,77.06,97.91
2026-01-21T19:23:53.386Z,73.72,97.81
2026-01-21T19:23:55.386Z,73.09,97.0
2026-01-21T19:23:57.386Z,74.13,96.6
2026-01-21T19:23:59.386Z,78.39,96.91
2026-01-21T19:24:01.386Z,75.75,96.89
2026-01-21T19:24:03.386Z,77.66,96.78
2026-01-21T19:24:05.386Z,81.21,97.43
2026-01-21T19:24:07.386Z,75.56,96.94
2026-01-21T19:24:09.386Z,73.97,98.14
2026-01-21T19:24:11.386Z,76.92,98.08
2026-01-21T19:24:13.386Z,77.18,97.53
2026-01-21T19:24:15.386Z,81.04,97.23
2026-01-21T19:24:17.386Z,79.89,97.29
2026-01-21T19:24:19.386Z,72.95,97.43
2026-01-21T19:24:21.386Z,74.4,97.47
2026-01-21T19:24:23.386Z,77.7,97.29
2026-01-21T19:24:25.386Z,77.22,98.38
2026-01-21T19:24:27.386Z,80.26,96.97
2026-01-21T19:24:29.386Z,74.9,97.54
2026-01-21T19:24:31.386Z,77.12,97.25
2026-01-21T19:24:33.386Z,80.07,96.85
2026-01-21T19:24:35.386Z,79.91,97.87
2026-01-21T19:24:37.386Z,77.66,96.51
2026-01-21T19:24:39.386Z,75.78,97.78
2026-01-21T19:24:41.386Z,77.49,97.68
2026-01-21T19:24:43.386Z,80.92,97.4
2026-01-21T19:24:45.386Z,78.04,96.85
2026-01-21T19:24:47.386Z,83.58,96.87
2026-01-21T19:24:49.386Z,74.64,96.87
2026-01-21T19:24:51.386Z,73.26,97.3
2026-01-21T19:24:53.386Z,77.6,97.79
2026-01-21T19:24:55.386Z,81.5,97.13
2026-01-21T19:24:57.386Z,75.68,97.75
2026-01-21T19:24:59.386Z,77.97,97.24
2026-01-21T19:25:01.386Z,73.22,98.03
2026-01-21T19:25:03.386Z,76.06,96.43
2026-01-21T19:25:05.386Z,78.0,97.09
2026-01-21T19:25:07.386Z,73.69,97.21
2026-01-21T19:25:09.386Z,83.64,97.29
2026-01-21T19:25:11.386Z,80.06,98.16
2026-01-21T19:25:13.386Z,79.79,96.8
2026-01-21T19:25:15.386Z,80.37,98.03
2026-01-21T19:25:17.386Z,73.85,98.41
2026-01-21T19:25:19.386Z,76.89,97.5
2026-01-21T19:25:21.386Z,78.17,97.67
2026-01-21T19:25:23.386Z,79.22,98.69
2026-01-21T19:25:25.386Z,76.46,98.12
2026-01-21T19:25:27.386Z,81.33,97.64
2026-01-21T19:25:29.386Z,73.9,97.3
2026-01-21T19:25:31.386Z,77.49,97.19
2026-01-21T19:25:33.386Z,77.39,98.04
2026-01-21T19:25:35.386Z,78.86,97.08
2026-01-21T19:25:37.386Z,81.39,98.24
2026-01-21T19:25:39.386Z,74.89,98.27
2026-01-21T19:25:41.386Z,80.54,97.01
2026-01-21T19:25:43.386Z,80.23,98.48
2026-01-21T19:25:45.386Z,77.52,96.24
2026-01-21T19:25:47.386Z,81.3,96.62
2026-01-21T19:25:49.386Z,79.89,97.09
2026-01-21T19:25:51.386Z,78.47,98.18
2026-01-21T19:25:53.386Z,83.81,97.1
2026-01-21T19:25:55.386Z,76.43,97.49
2026-01-21T19:25:57.386Z,80.4,97.68
2026-01-21T19:25:59.386Z,79.95,97.66
2026-01-21T19:26:01.386Z,80.49,97.23
2026-01-21T19:26:03.386Z,81.73,97.42
2026-01-21T19:26:05.386Z,79.94,99.1
2026-01-21T19:26:07.386Z,76.82,98.21
2026-01-21T19:26:09.386Z,80.88,97.62
2026-01-21T19:26:11.386Z,78.16,97.71
2026-01-21T19:26:13.386Z,78.34,97.96
2026-01-21T19:26:15.386Z,80.2,96.77
2026-01-21T19:26:17.386Z,79.23,97.61
2026-01-21T19:26:19.386Z,78.78,98.36
2026-01-21T19:26:21.386Z,76.16,98.1
2026-01-21T19:26:23.386Z,82.89,97.44
2026-01-21T19:26:25.386Z,78.53,97.86
2026-01-21T19:26:27.386Z,77.85,97.87
2026-01-21T19:26:29.386Z,75.92,97.26
2026-01-21T19:26:31.386Z,79.09,97.93
2026-01-21T19:26:33.386Z,79.17,98.29
2026-01-21T19:26:35.386Z,84.06,98.33
2026-01-21T19:26:37.386Z,77.36,96.95
2026-01-21T19:26:39.386Z,85.04,98.11
2026-01-21T19:26:41.386Z,82.49,97.55
2026-01-21T19:26:43.386Z,76.19,98.83
2026-01-21T19:26:45.386Z,81.15,97.29
2026-01-21T19:26:47.386Z,76.87,97.83
2026-01-21T19:26:49.386Z,84.04,97.84
2026-01-21T19:26:51.386Z,76.63,97.98
2026-01-21T19:26:53.386Z,79.14,97.42
2026-01-21T19:26:55.386Z,83.13,97.38
2026-01-21T19:26:57.386Z,71.78,97.46
2026-01-21T19:26:59.386Z,77.09,96.94
2026-01-21T19:27:01.386Z,73.48,97.71
2026-01-21T19:27:03.386Z,78.9,97.28
2026-01-21T19:27:05.386Z,76.95,98.44
2026-01-21T19:27:07.386Z,75.08,97.92
2026-01-21T19:27:09.386Z,79.29,98.68
2026-01-21T19:27:11.386Z,77.15,98.04
2026-01-21T19:27:13.386Z,77.3,97.48
2026-01-21T19:27:15.386Z,81.07,97.64
2026-01-21T19:27:17.386Z,84.78,98.22
2026-01-21T19:27:19.386Z,81.43,97.6
2026-01-21T19:27:21.386Z,80.94,98.36
2026-01-21T19:27:23.386Z,79.53,98.06
2026-01-21T19:27:25.386Z,82.21,97.84
2026-01-21T19:27:27.386Z,79.39,97.49
2026-01-21T19:27:29.386Z,87.19,98.02
2026-01-21T19:27:31.386Z,78.61,97.35
2026-01-21T19:27:33.386Z,79.57,97.77
2026-01-21T19:27:35.386Z,78.59,97.55
2026-01-21T19:27:37.386Z,75.96,97.69
2026-01-21T19:27:39.386Z,81.58,97.52
2026-01-21T19:27:41.386Z,80.06,97.96
2026-01-21T19:27:43.386Z,77.5,98.32
2026-01-21T19:27:45.386Z,78.06,97.51
2026-01-21T19:27:47.386Z,82.51,97.62
2026-01-21T19:27:49.386Z,87.91,97.82
2026-01-21T19:27:51.386Z,85.02,97.96
2026-01-21T19:27:53.386Z,75.86,98.6
2026-01-21T19:27:55.386Z,75.76,97.52
2026-01-21T19:27:57.386Z,84.49,98.16
2026-01-21T19:27:59.386Z,77.78,98.2
2026-01-21T19:28:01.386Z,79.04,97.73
2026-01-21T19:28:03.386Z,81.27,97.99
2026-01-21T19:28:05.386Z,81.86,97.3
2026-01-21T19:28:07.386Z,81.61,99.17
2026-01-21T19:28:09.386Z,83.1,98.34
2026-01-21T19:28:11.386Z,78.33,98.34
2026-01-21T19:28:13.386Z,74.16,97.79
2026-01-21T19:28:15.386Z,76.42,97.58
2026-01-21T19:28:17.386Z,77.03,98.59
2026-01-21T19:28:19.386Z,82.31,97.54
2026-01-21T19:28:21.386Z,84.33,98.2
2026-01-21T19:28:23.386Z,80.14,97.91
2026-01-21T19:28:25.386Z,82.87,98.55
2026-01-21T19:28:27.386Z,75.31,97.81
2026-01-21T19:28:29.386Z,79.65,97.97
2026-01-21T19:28:31.386Z,82.41,98.92
2026-01-21T19:28:33.386Z,80.26,98.09
2026-01-21T19:28:35.386Z,82.34,97.6
2026-01-21T19:28:37.386Z,73.64,97.53
2026-01-21T19:28:39.386Z,82.11,98.0
2026-01-21T19:28:41.386Z,82.51,98.0
2026-01-21T19:28:43.386Z,83.02,98.18
2026-01-21T19:28:45.386Z,83.15,97.76
2026-01-21T19:28:47.386Z,80.15,98.47
2026-01-21T19:28:49.386Z,81.67,97.84
2026-01-21T19:28:51.386Z,83.59,98.31
2026-01-21T19:28:53.386Z,80.45,97.77
2026-01-21T19:28:55.386Z,79.56,98.45
2026-01-21T19:28:57.386Z,77.69,98.01
2026-01-21T19:28:59.386Z,74.79,97.35
2026-01-21T19:29:01.386Z,78.68,97.98
2026-01-21T19:29:03.386Z,80.28,97.97
2026-01-21T19:29:05.386Z,79.63,98.98
2026-01-21T19:29:07.386Z,78.04,97.91
2026-01-21T19:29:09.386Z,75.16,98.49
2026-01-21T19:29:11.386Z,78.37,97.52
2026-01-21T19:29:13.386Z,77.65,97.43
2026-01-21T19:29:15.386Z,76.72,98.09
2026-01-21T19:29:17.386Z,77.95,98.07
2026-01-21T19:29:19.386Z,76.91,97.72
2026-01-21T19:29:21.386Z,82.11,98.08
2026-01-21T19:29:23.386Z,78.87,99.06
2026-01-21T19:29:25.386Z,84.69,98.64
2026-01-21T19:29:27.386Z,82.89,98.39
2026-01-21T19:29:29.386Z,76.53,98.47
2026-01-21T19:29:31.386Z,86.73,98.74
2026-01-21T19:29:33.386Z,82.03,97.57
2026-01-21T19:29:35.386Z,77.9,97.5
2026-01-21T19:29:37.386Z,75.08,97.82
2026-01-21T19:29:39.386Z,77.98,98.03
2026-01-21T19:29:41.386Z,77.52,98.35
2026-01-21T19:29:43.386Z,77.38,98.8
2026-01-21T19:29:45.386Z,79.28,97.76
2026-01-21T19:29:47.386Z,84.31,97.84
2026-01-21T19:29:49.386Z,78.35,99.41
2026-01-21T19:29:51.386Z,82.24,98.05
2026-01-21T19:29:53.386Z,79.14,98.24
2026-01-21T19:29:55.386Z,81.61,98.76
2026-01-21T19:29:57.386Z,75.06,97.3
2026-01-21T19:29:59.386Z,78.8,97.43
2026-01-21T19:30:01.386Z,80.01,98.17
2026-01-21T19:30:03.386Z,85.04,97.98
2026-01-21T19:30:05.386Z,79.4,97.84
2026-01-21T19:30:07.386Z,84.53,98.02
2026-01-21T19:30:09.386Z,77.46,98.31
2026-01-21T19:30:11.386Z,76.38,97.92
2026-01-21T19:30:13.386Z,83.91,98.3
2026-01-21T19:30:15.386Z,84.25,97.54
2026-01-21T19:30:17.386Z,85.2,97.64
2026-01-21T19:30:19.386Z,77.35,98.2
2026-01-21T19:30:21.386Z,74.69,98.75
2026-01-21T19:30:23.386Z,84.86,98.54
2026-01-21T19:30:25.386Z,75.69,98.14
2026-01-21T19:30:27.386Z,80.2,97.32
2026-01-21T19:30:29.386Z,77.33,97.92
2026-01-21T19:30:31.386Z,81.5,99.05
2026-01-21T19:30:33.386Z,76.02,98.38
2026-01-21T19:30:35.386Z,85.39,98.41
2026-01-21T19:30:37.386Z,78.05,98.06
2026-01-21T19:30:39.386Z,76.13,99.02
2026-01-21T19:30:41.386Z,77.76,97.94
2026-01-21T19:30:43.386Z,79.45,98.66
2026-01-21T19:30:45.386Z,80.52,98.31
2026-01-21T19:30:47.386Z,84.59,97.83
2026-01-21T19:30:49.386Z,74.49,97.13
2026-01-21T19:30:51.386Z,76.38,98.78
2026-01-21T19:30:53.386Z,76.2,98.11
2026-01-21T19:30:55.386Z,84.45,97.57
2026-01-21T19:30:57.386Z,76.73,99.15
2026-01-21T19:30:59.386Z,79.41,98.18
2026-01-21T19:31:01.386Z,77.26,98.82
2026-01-21T19:31:03.386Z,81.37,97.71
2026-01-21T19:31:05.386Z,80.47,97.91
2026-01-21T19:31:07.386Z,76.53,98.09
2026-01-21T19:31:09.386Z,77.68,97.51
2026-01-21T19:31:11.386Z,84.58,98.35
2026-01-21T19:31:13.386Z,80.8,97.93
2026-01-21T19:31:15.386Z,79.24,98.37
2026-01-21T19:31:17.386Z,78.82,98.18
2026-01-21T19:31:19.386Z,77.51,99.5
2026-01-21T19:31:21.386Z,76.2,98.4
2026-01-21T19:31:23.386Z,76.36,97.9
2026-01-21T19:31:25.386Z,74.14,98.39
2026-01-21T19:31:27.386Z,80.14,97.93
2026-01-21T19:31:29.386Z,79.22,97.46
2026-01-21T19:31:31.386Z,82.33,98.09
2026-01-21T19:31:33.386Z,78.57,97.95
2026-01-21T19:31:35.386Z,80.82,98.85
2026-01-21T19:31:37.386Z,81.31,98.04
2026-01-21T19:31:39.386Z,82.88,98.22
2026-01-21T19:31:41.386Z,77.8,98.67
2026-01-21T19:31:43.386Z,74.17,98.56
2026-01-21T19:31:45.386Z,84.53,98.36
2026-01-21T19:31:47.386Z,82.28,97.85
2026-01-21T19:31:49.386Z,83.85,98.23
2026-01-21T19:31:51.386Z,79.61,98.39
2026-01-21T19:31:53.386Z,76.75,97.99
2026-01-21T19:31:55.386Z,78.3,98.93
2026-01-21T19:31:57.386Z,79.81,97.47
2026-01-21T19:31:59.386Z,78.57,98.05
2026-01-21T19:32:01.386Z,77.08,98.14
2026-01-21T19:32:03.386Z,78.11,97.44
2026-01-21T19:32:05.386Z,78.29,98.58
2026-01-21T19:32:07.386Z,81.42,98.93
2026-01-21T19:32:09.386Z,75.64,97.52
2026-01-21T19:32:11.386Z,76.97,98.42
2026-01-21T19:32:13.386Z,81.08,97.79
2026-01-21T19:32:15.386Z,75.6,98.96
2026-01-21T19:32:17.386Z,77.9,98.99
2026-01-21T19:32:19.386Z,77.01,99.01
2026-01-21T19:32:21.386Z,78.66,98.16
2026-01-21T19:32:23.386Z,79.78,99.33
2026-01-21T19:32:25.386Z,82.14,98.09
2026-01-21T19:32:27.386Z,80.04,98.12
2026-01-21T19:32:29.386Z,80.99,98.49
2026-01-21T19:32:31.386Z,78.24,98.41
2026-01-21T19:32:33.386Z,80.07,98.53
2026-01-21T19:32:35.386Z,82.53,98.48
2026-01-21T19:32:37.386Z,79.34,98.52
2026-01-21T19:32:39.386Z,79.57,98.1
2026-01-21T19:32:41.386Z,82.23,99.18
2026-01-21T19:32:43.386Z,80.09,98.06
2026-01-21T19:32:45.386Z,83.22,98.71
2026-01-21T19:32:47.386Z,76.48,98.23
2026-01-21T19:32:49.386Z,73.39,98.89
2026-01-21T19:32:51.386Z,84.51,99.22
2026-01-21T19:32:53.386Z,85.38,98.09
2026-01-21T19:32:55.386Z,80.44,99.37
2026-01-21T19:32:57.386Z,76.13,98.03
2026-01-21T19:32:59.386Z,82.11,98.45
2026-01-21T19:33:01.386Z,85.2,98.4
2026-01-21T19:33:03.386Z,81.22,98.55
2026-01-21T19:33:05.386Z,77.37,98.94
2026-01-21T19:33:07.386Z,73.23,98.57
2026-01-21T19:33:09.386Z,80.65,98.27
2026-01-21T19:33:11.386Z,78.68,98.82
2026-01-21T19:33:13.386Z,77.68,97.8
2026-01-21T19:33:15.386Z,78.24,98.81
2026-01-21T19:33:17.386Z,76.17,99.66
2026-01-21T19:33:19.386Z,81.53,98.14
2026-01-21T19:33:21.386Z,82.3,97.77
2026-01-21T19:33:23.386Z,81.69,99.44
2026-01-21T19:33:25.386Z,75.21,98.54
2026-01-21T19:33:27.386Z,78.23,97.76
2026-01-21T19:33:29.386Z,78.94,99.04
2026-01-21T19:33:31.386Z,77.71,99.39
2026-01-21T19:33:33.386Z,81.57,98.09
2026-01-21T19:33:35.386Z,76.25,98.66
2026-01-21T19:33:37.386Z,75.76,98.0
2026-01-21T19:33:39.386Z,77.24,99.39
2026-01-21T19:33:41.386Z,74.95,98.03
2026-01-21T19:33:43.386Z,78.43,98.11
2026-01-21T19:33:45.386Z,83.35,99.02
2026-01-21T19:33:47.386Z,76.82,98.06
2026-01-21T19:33:49.386Z,74.71,98.16
2026-01-21T19:33:51.386Z,79.46,98.2
2026-01-21T19:33:53.386Z,83.45,98.63
2026-01-21T19:33:55.386Z,77.91,98.26
2026-01-21T19:33:57.386Z,78.1,98.24
2026-01-21T19:33:59.386Z,76.64,98.38
2026-01-21T19:34:01.386Z,80.37,98.52
2026-01-21T19:34:03.386Z,78.09,99.31
2026-01-21T19:34:05.386Z,73.33,97.77
2026-01-21T19:34:07.386Z,80.09,98.61
2026-01-21T19:34:09.386Z,76.58,97.76
2026-01-21T19:34:11.386Z,81.82,97.88
2026-01-21T19:34:13.386Z,70.57,98.76
2026-01-21T19:34:15.386Z,82.53,98.06
2026-01-21T19:34:17.386Z,77.99,98.73
2026-01-21T19:34:19.386Z,77.82,97.98
2026-01-21T19:34:21.386Z,77.01,98.18
2026-01-21T19:34:23.386Z,71.92,97.9
2026-01-21T19:34:25.386Z,79.59,98.69
2026-01-21T19:34:27.386Z,73.32,97.44
2026-01-21T19:34:29.386Z,75.64,99.15
2026-01-21T19:34:31.386Z,73.92,98.32
2026-01-21T19:34:33.386Z,73.25,98.61
2026-01-21T19:34:35.386Z,77.07,97.95
2026-01-21T19:34:37.386Z,75.28,98.39
2026-01-21T19:34:39.386Z,80.15,98.72
2026-01-21T19:34:41.386Z,74.72,98.88
2026-01-21T19:34:43.386Z,73.97,98.87
2026-01-21T19:34:45.386Z,71.45,97.47
2026-01-21T19:34:47.386Z,75.57,97.69
2026-01-21T19:34:49.386Z,72.56,99.17
2026-01-21T19:34:51.386Z,74.61,97.85
2026-01-21T19:34:53.386Z,75.99,98.34
2026-01-21T19:34:55.386Z,76.49,98.45
2026-01-21T19:34:57.386Z,77.5,99.17
2026-01-21T19:34:59.386Z,75.73,98.1
2026-01-21T19:35:01.386Z,76.86,98.08
2026-01-21T19:35:03.386Z,79.05,98.61
2026-01-21T19:35:05.386Z,71.48,98.78
2026-01-21T19:35:07.386Z,73.54,97.99
2026-01-21T19:35:09.386Z,80.05,98.93
2026-01-21T19:35:11.386Z,79.77,97.44
2026-01-21T19:35:13.386Z,76.58,97.81
2026-01-21T19:35:15.386Z,75.46,99.51
2026-01-21T19:35:17.386Z,78.4,98.02
2026-01-21T19:35:19.386Z,75.42,98.92
2026-01-21T19:35:21.386Z,75.5,98.84
2026-01-21T19:35:23.386Z,80.49,97.78
2026-01-21T19:35:25.386Z,82.41,99.35
2026-01-21T19:35:27.386Z,76.98,98.53
2026-01-21T19:35:29.386Z,78.2,99.07
2026-01-21T19:35:31.386Z,73.96,97.97
2026-01-21T19:35:33.386Z,80.69,98.23
2026-01-21T19:35:35.386Z,77.06,98.85
2026-01-21T19:35:37.386Z,69.87,98.44
2026-01-21T19:35:39.386Z,74.11,97.35
2026-01-21T19:35:41.386Z,74.07,98.56
2026-01-21T19:35:43.386Z,81.1,98.35
2026-01-21T19:35:45.386Z,76.79,98.02
2026-01-21T19:35:47.386Z,75.91,99.15
2026-01-21T19:35:49.386Z,78.35,98.79
2026-01-21T19:35:51.386Z,75.96,99.2
2026-01-21T19:35:53.386Z,73.16,98.94
2026-01-21T19:35:55.386Z,77.46,98.18
2026-01-21T19:35:57.386Z,77.63,98.98
2026-01-21T19:35:59.386Z,78.25,98.65
2026-01-21T19:36:01.386Z,74.17,98.31
2026-01-21T19:36:03.386Z,76.45,99.15
2026-01-21T19:36:05.386Z,70.42,97.89
2026-01-21T19:36:07.386Z,82.19,98.42
2026-01-21T19:36:09.386Z,78.66,98.37
2026-01-21T19:36:11.386Z,79.4,98.78
2026-01-21T19:36:13.386Z,77.4,99.14
2026-01-21T19:36:15.386Z,78.59,98.18
2026-01-21T19:36:17.386Z,70.96,98.27
2026-01-21T19:36:19.386Z,79.82,98.84
2026-01-21T19:36:21.386Z,72.8,98.42
2026-01-21T19:36:23.386Z,80.12,98.32
2026-01-21T19:36:25.386Z,72.08,99.39
2026-01-21T19:36:27.386Z,72.8,98.03
2026-01-21T19:36:29.386Z,77.15,97.71
2026-01-21T19:36:31.386Z,71.5,98.65
2026-01-21T19:36:33.386Z,72.42,99.12
2026-01-21T19:36:35.386Z,79.77,98.36
2026-01-21T19:36:37.386Z,67.55,98.7
2026-01-21T19:36:39.386Z,75.65,98.16
2026-01-21T19:36:41.386Z,72.39,99.1
2026-01-21T19:36:43.386Z,69.37,99.58
2026-01-21T19:36:45.386Z,75.7,98.68
2026-01-21T19:36:47.386Z,80.03,99.15
2026-01-21T19:36:49.386Z,76.67,98.75
2026-01-21T19:36:51.386Z,76.13,98.96
2026-01-21T19:36:53.386Z,78.37,98.96
2026-01-21T19:36:55.386Z,77.6,98.16
2026-01-21T19:36:57.386Z,70.39,98.63
2026-01-21T19:36:59.386Z,75.49,98.33
2026-01-21T19:37:01.386Z,70.36,99.24
2026-01-21T19:37:03.386Z,74.27,98.04
2026-01-21T19:37:05.386Z,77.21,98.34
2026-01-21T19:37:07.386Z,74.88,98.17
2026-01-21T19:37:09.386Z,81.59,98.33
2026-01-21T19:37:11.386Z,77.93,98.8
2026-01-21T19:37:13.386Z,67.39,97.24
2026-01-21T19:37:15.386Z,76.33,98.65
2026-01-21T19:37:17.386Z,73.71,99.19
2026-01-21T19:37:19.386Z,72.8,98.71
2026-01-21T19:37:21.386Z,78.62,98.69
2026-01-21T19:37:23.386Z,74.13,98.08
2026-01-21T19:37:25.386Z,78.6,98.01
2026-01-21T19:37:27.386Z,73.18,98.62
2026-01-21T19:37:29.386Z,69.23,97.58
2026-01-21T19:37:31.386Z,76.61,99.07
2026-01-21T19:37:33.386Z,75.16,98.48
2026-01-21T19:37:35.386Z,70.86,98.22
2026-01-21T19:37:37.386Z,74.69,98.82
2026-01-21T19:37:39.386Z,73.86,97.82
2026-01-21T19:37:41.386Z,69.77,98.65
2026-01-21T19:37:43.386Z,71.67,98.83
2026-01-21T19:37:45.386Z,75.06,98.42
2026-01-21T19:37:47.386Z,74.86,98.09
2026-01-21T19:37:49.386Z,72.22,98.41
2026-01-21T19:37:51.386Z,68.97,97.31
2026-01-21T19:37:53.386Z,71.65,98.18
2026-01-21T19:37:55.386Z,77.67,98.29
2026-01-21T19:37:57.386Z,73.31,98.85
2026-01-21T19:37:59.386Z,72.43,99.15
2026-01-21T19:38:01.386Z,74.99,98.9
2026-01-21T19:38:03.386Z,75.69,98.11
2026-01-21T19:38:05.386Z,75.78,98.72
2026-01-21T19:38:07.386Z,69.64,98.5
2026-01-21T19:38:09.386Z,75.15,98.0
2026-01-21T19:38:11.386Z,73.58,99.36
2026-01-21T19:38:13.386Z,70.05,98.98
2026-01-21T19:38:15.386Z,72.68,97.84
2026-01-21T19:38:17.386Z,72.34,98.84
2026-01-21T19:38:19.386Z,76.49,98.77
2026-01-21T19:38:21.386Z,71.71,99.21
2026-01-21T19:38:23.386Z,71.03,98.45
2026-01-21T19:38:25.386Z,69.98,98.15
2026-01-21T19:38:27.386Z,73.02,97.54
2026-01-21T19:38:29.386Z,70.04,98.72
2026-01-21T19:38:31.386Z,75.6,97.95
2026-01-21T19:38:33.386Z,73.72,97.75
2026-01-21T19:38:35.386Z,77.02,97.46
2026-01-21T19:38:37.386Z,73.93,98.1
2026-01-21T19:38:39.386Z,76.15,99.02
2026-01-21T19:38:41.386Z,72.87,98.65
2026-01-21T19:38:43.386Z,68.1,98.54
2026-01-21T19:38:45.386Z,72.6,98.52
2026-01-21T19:38:47.386Z,73.95,98.94
2026-01-21T19:38:49.386Z,70.12,97.9
2026-01-21T19:38:51.386Z,71.59,99.01
2026-01-21T19:38:53.386Z,75.01,98.53
2026-01-21T19:38:55.386Z,67.06,98.9
2026-01-21T19:38:57.386Z,75.37,98.67
2026-01-21T19:38:59.386Z,69.12,97.8
2026-01-21T19:39:01.386Z,68.12,98.31
2026-01-21T19:39:03.386Z,67.98,98.71
2026-01-21T19:39:05.386Z,76.67,98.84
2026-01-21T19:39:07.386Z,68.78,98.79
2026-01-21T19:39:09.386Z,66.41,98.06
2026-01-21T19:39:11.386Z,69.36,99.02
2026-01-21T19:39:13.386Z,70.79,98.02
2026-01-21T19:39:15.386Z,78.19,97.87
2026-01-21T19:39:17.386Z,68.82,98.94
2026-01-21T19:39:19.386Z,70.13,99.61
2026-01-21T19:39:21.386Z,71.67,98.71
2026-01-21T19:39:23.386Z,74.45,97.82
2026-01-21T19:39:25.386Z,72.28,99.0
2026-01-21T19:39:27.386Z,72.09,98.17
2026-01-21T19:39:29.386Z,73.12,98.95
2026-01-21T19:39:31.386Z,74.45,98.23
2026-01-21T19:39:33.386Z,71.54,98.21
2026-01-21T19:39:35.386Z,74.2,98.64
2026-01-21T19:39:37.386Z,69.39,98.82
2026-01-21T19:39:39.386Z,70.85,97.98
2026-01-21T19:39:41.386Z,69.94,97.91
2026-01-21T19:39:43.386Z,72.57,98.6
2026-01-21T19:39:45.386Z,69.21,98.44
2026-01-21T19:39:47.386Z,64.92,98.91
2026-01-21T19:39:49.386Z,72.11,98.03
2026-01-21T19:39:51.386Z,69.05,99.22
2026-01-21T19:39:53.386Z,73.9,98.09
2026-01-21T19:39:55.386Z,76.13,98.43
2026-01-21T19:39:57.386Z,72.18,98.47
2026-01-21T19:39:59.386Z,71.19,98.29
2026-01-21T19:40:01.386Z,74.93,98.01
2026-01-21T19:40:03.386Z,68.8,99.1
2026-01-21T19:40:05.386Z,71.22,99.21
2026-01-21T19:40:07.386Z,69.93,98.09
2026-01-21T19:40:09.386Z,67.43,98.33
2026-01-21T19:40:11.386Z,66.91,98.25
2026-01-21T19:40:13.386Z,70.21,98.58
2026-01-21T19:40:15.386Z,73.46,98.05
2026-01-21T19:40:17.386Z,76.74,97.9
2026-01-21T19:40:19.386Z,74.41,98.77
2026-01-21T19:40:21.386Z,68.09,97.82
2026-01-21T19:40:23.386Z,70.51,99.04
2026-01-21T19:40:25.386Z,73.65,98.33
2026-01-21T19:40:27.386Z,67.5,98.54
2026-01-21T19:40:29.386Z,73.79,98.56
2026-01-21T19:40:31.386Z,73.72,98.54
2026-01-21T19:40:33.386Z,65.77,98.82
2026-01-21T19:40:35.386Z,71.3,98.31
2026-01-21T19:40:37.386Z,68.87,98.82
2026-01-21T19:40:39.386Z,73.87,97.94
2026-01-21T19:40:41.386Z,72.74,98.93
2026-01-21T19:40:43.386Z,66.42,98.34
2026-01-21T19:40:45.386Z,75.74,98.53
2026-01-21T19:40:47.386Z,69.16,98.53
2026-01-21T19:40:49.386Z,72.48,98.23
2026-01-21T19:40:51.386Z,74.47,99.27
2026-01-21T19:40:53.386Z,69.12,97.87
2026-01-21T19:40:55.386Z,73.58,98.25
2026-01-21T19:40:57.386Z,77.25,98.08
2026-01-21T19:40:59.386Z,75.27,97.28
2026-01-21T19:41:01.386Z,69.61,99.72
2026-01-21T19:41:03.386Z,71.44,98.89
2026-01-21T19:41:05.386Z,70.16,99.06
2026-01-21T19:41:07.386Z,73.02,98.08
2026-01-21T19:41:09.386Z,70.82,99.15
2026-01-21T19:41:11.386Z,72.04,98.4
2026-01-21T19:41:13.386Z,73.64,98.7
2026-01-21T19:41:15.386Z,70.47,98.24
2026-01-21T19:41:17.386Z,66.97,98.74
2026-01-21T19:41:19.386Z,68.13,98.45
2026-01-21T19:41:21.386Z,74.47,98.14
2026-01-21T19:41:23.386Z,72.47,98.69
2026-01-21T19:41:25.386Z,73.02,97.97
2026-01-21T19:41:27.386Z,73.75,99.16
2026-01-21T19:41:29.386Z,71.48,98.61
2026-01-21T19:41:31.386Z,71.37,98.33
2026-01-21T19:41:33.386Z,70.81,97.64
2026-01-21T19:41:35.386Z,66.75,98.61
2026-01-21T19:41:37.386Z,65.83,97.63
2026-01-21T19:41:39.386Z,69.93,98.91
2026-01-21T19:41:41.386Z,73.72,98.18
2026-01-21T19:41:43.386Z,65.27,98.62
2026-01-21T19:41:45.386Z,74.95,98.92
2026-01-21T19:41:47.386Z,70.7,98.11
2026-01-21T19:41:49.386Z,68.36,98.04
2026-01-21T19:41:51.386Z,71.24,98.19
2026-01-21T19:41:53.386Z,70.51,98.24
2026-01-21T19:41:55.386Z,74.0,98.1
2026-01-21T19:41:57.386Z,71.62,98.48
2026-01-21T19:41:59.386Z,68.28,97.87
2026-01-21T19:42:01.386Z,66.41,98.28
2026-01-21T19:42:03.386Z,70.53,97.51
2026-01-21T19:42:05.386Z,73.52,99.2
2026-01-21T19:42:07.386Z,69.21,98.48
2026-01-21T19:42:09.386Z,65.51,98.25
2026-01-21T19:42:11.386Z,72.89,97.69
2026-01-21T19:42:13.386Z,63.65,98.8
2026-01-21T19:42:15.386Z,68.39,98.16
2026-01-21T19:42:17.386Z,67.39,98.21
2026-01-21T19:42:19.386Z,65.97,98.41
2026-01-21T19:42:21.386Z,65.82,97.65
2026-01-21T19:42:23.386Z,72.25,98.13
2026-01-21T19:42:25.386Z,70.6,98.51
2026-01-21T19:42:27.386Z,68.3,97.87
2026-01-21T19:42:29.386Z,71.33,98.79
2026-01-21T19:42:31.386Z,68.57,97.91
2026-01-21T19:42:33.386Z,77.35,98.17
2026-01-21T19:42:35.386Z,71.16,98.8
2026-01-21T19:42:37.386Z,69.9,98.17
2026-01-21T19:42:39.386Z,73.13,98.33
2026-01-21T19:42:41.386Z,70.15,97.52
2026-01-21T19:42:43.386Z,76.02,97.67
2026-01-21T19:42:45.386Z,76.16,97.98
2026-01-21T19:42:47.386Z,71.28,98.85
2026-01-21T19:42:49.386Z,66.82,97.94
2026-01-21T19:42:51.386Z,63.9,98.16
2026-01-21T19:42:53.386Z,70.05,97.59
2026-01-21T19:42:55.386Z,75.3,99.24
2026-01-21T19:42:57.386Z,72.38,98.91
2026-01-21T19:42:59.386Z,71.47,98.53
2026-01-21T19:43:01.386Z,71.39,97.77
2026-01-21T19:43:03.386Z,70.19,97.74
2026-01-21T19:43:05.386Z,69.95,98.68
2026-01-21T19:43:07.386Z,72.1,97.98
2026-01-21T19:43:09.386Z,69.92,98.02
2026-01-21T19:43:11.386Z,72.51,97.87
2026-01-21T19:43:13.386Z,68.62,97.89
2026-01-21T19:43:15.386Z,68.93,98.02
2026-01-21T19:43:17.386Z,68.95,98.11
2026-01-21T19:43:19.386Z,70.16,97.58
2026-01-21T19:43:21.386Z,74.21,98.37
2026-01-21T19:43:23.386Z,70.63,98.26
2026-01-21T19:43:25.386Z,75.12,98.4
2026-01-21T19:43:27.386Z,65.27,98.61
2026-01-21T19:43:29.386Z,67.88,98.26
2026-01-21T19:43:31.386Z,73.67,98.06
2026-01-21T19:43:33.386Z,72.03,98.15
2026-01-21T19:43:35.386Z,70.89,97.66
2026-01-21T19:43:37.386Z,66.67,98.76
2026-01-21T19:43:39.386Z,74.76,98.07
2026-01-21T19:43:41.386Z,73.59,97.71
2026-01-21T19:43:43.386Z,72.29,98.17
2026-01-21T19:43:45.386Z,70.89,98.65
2026-01-21T19:43:47.386Z,63.47,98.1
2026-01-21T19:43:49.386Z,74.2,98.07
2026-01-21T19:43:51.386Z,72.87,97.86
2026-01-21T19:43:53.386Z,65.75,99.02
2026-01-21T19:43:55.386Z,70.85,97.08
2026-01-21T19:43:57.386Z,73.95,98.12
2026-01-21T19:43:59.386Z,74.61,98.36
2026-01-21T19:44:01.386Z,79.84,98.31
2026-01-21T19:44:03.386Z,69.0,98.1
2026-01-21T19:44:05.386Z,69.18,99.0
2026-01-21T19:44:07.386Z,69.52,97.87
2026-01-21T19:44:09.386Z,69.07,98.24
2026-01-21T19:44:11.386Z,68.62,98.6
2026-01-21T19:44:13.386Z,66.89,96.9
2026-01-21T19:44:15.386Z,73.03,98.6
2026-01-21T19:44:17.386Z,68.3,97.51
2026-01-21T19:44:19.386Z,70.22,98.79
2026-01-21T19:44:21.386Z,71.73,98.07
2026-01-21T19:44:23.386Z,64.9,97.44
2026-01-21T19:44:25.386Z,67.26,98.24
2026-01-21T19:44:27.386Z,69.48,97.45
2026-01-21T19:44:29.386Z,66.26,98.02
2026-01-21T19:44:31.386Z,67.63,97.95
2026-01-21T19:44:33.386Z,70.22,98.55
2026-01-21T19:44:35.386Z,68.22,98.53
2026-01-21T19:44:37.386Z,66.83,98.42
2026-01-21T19:44:39.386Z,71.64,97.17
2026-01-21T19:44:41.386Z,69.73,98.14
2026-01-21T19:44:43.386Z,74.0,98.37
2026-01-21T19:44:45.386Z,71.69,97.37
2026-01-21T19:44:47.386Z,72.87,98.56
2026-01-21T19:44:49.386Z,66.25,98.21
2026-01-21T19:44:51.386Z,71.61,97.99
2026-01-21T19:44:53.386Z,69.77,98.81
2026-01-21T19:44:55.386Z,73.04,97.03
2026-01-21T19:44:57.386Z,73.74,97.37
2026-01-21T19:44:59.386Z,72.41,97.62
2026-01-21T19:45:01.386Z,72.29,97.71
2026-01-21T19:45:03.386Z,73.35,97.92
2026-01-21T19:45:05.386Z,67.01,98.49
2026-01-21T19:45:07.386Z,75.92,98.21
2026-01-21T19:45:09.386Z,65.61,98.32
2026-01-21T19:45:11.386Z,68.78,97.8
2026-01-21T19:45:13.386Z,72.42,97.42
2026-01-21T19:45:15.386Z,66.9,99.23
2026-01-21T19:45:17.386Z,70.86,97.87
2026-01-21T19:45:19.386Z,68.22,97.43
2026-01-21T19:45:21.386Z,69.59,97.95
2026-01-21T19:45:23.386Z,67.66,98.72
2026-01-21T19:45:25.386Z,73.69,98.24
2026-01-21T19:45:27.386Z,73.3,97.46
2026-01-21T19:45:29.386Z,71.58,96.83
2026-01-21T19:45:31.386Z,69.59,97.58
2026-01-21T19:45:33.386Z,66.78,97.9
2026-01-21T19:45:35.386Z,70.34,98.72
2026-01-21T19:45:37.386Z,66.48,97.47
2026-01-21T19:45:39.386Z,75.16,97.21
2026-01-21T19:45:41.386Z,70.35,97.82
2026-01-21T19:45:43.386Z,72.43,97.27
2026-01-21T19:45:45.386Z,67.48,97.97
2026-01-21T19:45:47.386Z,65.67,98.44
2026-01-21T19:45:49.386Z,70.96,98.43
2026-01-21T19:45:51.386Z,71.87,97.38
2026-01-21T19:45:53.386Z,68.46,97.22
2026-01-21T19:45:55.386Z,67.41,97.52
2026-01-21T19:45:57.386Z,70.12,97.86
2026-01-21T19:45:59.386Z,62.89,97.91
2026-01-21T19:46:01.386Z,73.29,98.33
2026-01-21T19:46:03.386Z,72.09,98.79
2026-01-21T19:46:05.386Z,73.4,97.28
2026-01-21T19:46:07.386Z,70.01,98.53
2026-01-21T19:46:09.386Z,70.91,98.08
2026-01-21T19:46:11.386Z,76.3,98.26
2026-01-21T19:46:13.386Z,67.62,97.26
2026-01-21T19:46:15.386Z,71.68,98.0
2026-01-21T19:46:17.386Z,74.96,96.85
2026-01-21T19:46:19.386Z,73.64,98.08
2026-01-21T19:46:21.386Z,68.01,97.5
2026-01-21T19:46:23.386Z,72.1,97.51
2026-01-21T19:46:25.386Z,66.74,98.27
2026-01-21T19:46:27.386Z,67.95,97.29
2026-01-21T19:46:29.386Z,72.33,98.12
2026-01-21T19:46:31.386Z,72.95,97.95
2026-01-21T19:46:33.386Z,67.4,98.23
2026-01-21T19:46:35.386Z,67.17,98.19
2026-01-21T19:46:37.386Z,74.5,97.9
2026-01-21T19:46:39.386Z,68.92,97.66
2026-01-21T19:46:41.386Z,71.27,96.97
2026-01-21T19:46:43.386Z,73.09,96.88
2026-01-21T19:46:45.386Z,75.19,97.68
2026-01-21T19:46:47.386Z,70.01,97.12
2026-01-21T19:46:49.386Z,73.23,97.68
2026-01-21T19:46:51.386Z,64.7,97.72
2026-01-21T19:46:53.386Z,72.32,97.22
2026-01-21T19:46:55.386Z,69.7,98.26
2026-01-21T19:46:57.386Z,64.73,97.22
2026-01-21T19:46:59.386Z,67.38,97.02
2026-01-21T19:47:01.386Z,72.79,97.38
2026-01-21T19:47:03.386Z,71.53,97.8
2026-01-21T19:47:05.386Z,69.8,98.41
2026-01-21T19:47:07.386Z,72.56,97.73
2026-01-21T19:47:09.386Z,66.36,98.24
2026-01-21T19:47:11.386Z,70.43,97.29
2026-01-21T19:47:13.386Z,71.11,97.31
2026-01-21T19:47:15.386Z,70.91,97.71
2026-01-21T19:47:17.386Z,69.44,97.34
2026-01-21T19:47:19.386Z,71.08,97.88
2026-01-21T19:47:21.386Z,71.8,97.66
2026-01-21T19:47:23.386Z,68.22,97.67
2026-01-21T19:47:25.386Z,67.93,97.89
2026-01-21T19:47:27.386Z,66.0,97.14
2026-01-21T19:47:29.386Z,70.26,96.83
2026-01-21T19:47:31.386Z,75.75,97.53
2026-01-21T19:47:33.386Z,75.92,97.59
2026-01-21T19:47:35.386Z,65.15,98.0
2026-01-21T19:47:37.386Z,71.62,97.72
2026-01-21T19:47:39.386Z,72.38,97.67
2026-01-21T19:47:41.386Z,72.84,97.82
2026-01-21T19:47:43.386Z,72.64,97.77
2026-01-21T19:47:45.386Z,71.63,96.86
2026-01-21T19:47:47.386Z,67.39,97.32
2026-01-21T19:47:49.386Z,69.98,97.72
2026-01-21T19:47:51.386Z,74.5,97.24
2026-01-21T19:47:53.386Z,75.03,97.29
2026-01-21T19:47:55.386Z,71.67,97.97
2026-01-21T19:47:57.386Z,67.66,97.17
2026-01-21T19:47:59.386Z,68.5,97.76
2026-01-21T19:48:01.386Z,70.19,97.61
2026-01-21T19:48:03.386Z,72.01,97.09
2026-01-21T19:48:05.386Z,69.82,97.59
2026-01-21T19:48:07.386Z,72.01,98.24
2026-01-21T19:48:09.386Z,72.99,97.31
2026-01-21T19:48:11.386Z,72.53,97.67
2026-01-21T19:48:13.386Z,73.36,97.22
2026-01-21T19:48:15.386Z,69.38,98.17
2026-01-21T19:48:17.386Z,71.43,97.58
2026-01-21T19:48:19.386Z,70.57,97.99
2026-01-21T19:48:21.386Z,71.98,96.54
2026-01-21T19:48:23.386Z,73.94,98.46
2026-01-21T19:48:25.386Z,72.83,97.31
2026-01-21T19:48:27.386Z,72.99,98.19
2026-01-21T19:48:29.386Z,77.7,97.97
2026-01-21T19:48:31.386Z,68.98,97.57
2026-01-21T19:48:33.386Z,76.01,97.76
2026-01-21T19:48:35.386Z,71.11,96.61
2026-01-21T19:48:37.386Z,67.96,98.16
2026-01-21T19:48:39.386Z,73.83,98.15
2026-01-21T19:48:41.386Z,69.38,97.79
2026-01-21T19:48:43.386Z,74.2,97.2
2026-01-21T19:48:45.386Z,65.96,96.31
2026-01-21T19:48:47.386Z,74.34,97.88
2026-01-21T19:48:49.386Z,72.52,97.6
2026-01-21T19:48:51.386Z,75.73,97.46
2026-01-21T19:48:53.386Z,71.02,97.52
2026-01-21T19:48:55.386Z,71.89,97.35
2026-01-21T19:48:57.386Z,77.89,97.64
2026-01-21T19:48:59.386Z,73.78,98.35
2026-01-21T19:49:01.386Z,68.81,97.11
2026-01-21T19:49:03.386Z,76.93,96.99
2026-01-21T19:49:05.386Z,70.68,96.73
2026-01-21T19:49:07.386Z,72.94,97.67
2026-01-21T19:49:09.386Z,75.01,97.79
2026-01-21T19:49:11.386Z,69.81,97.56
2026-01-21T19:49:13.386Z,66.96,97.11
2026-01-21T19:49:15.386Z,76.48,97.71
2026-01-21T19:49:17.386Z,73.38,97.43
2026-01-21T19:49:19.386Z,66.95,96.78
2026-01-21T19:49:21.386Z,73.06,96.3
2026-01-21T19:49:23.386Z,69.55,97.87
2026-01-21T19:49:25.386Z,71.81,96.92
2026-01-21T19:49:27.386Z,73.15,98.12
2026-01-21T19:49:29.386Z,74.67,98.01
2026-01-21T19:49:31.386Z,72.22,98.31
2026-01-21T19:49:33.386Z,73.6,97.54
2026-01-21T19:49:35.386Z,73.59,97.5
2026-01-21T19:49:37.386Z,69.44,97.36
2026-01-21T19:49:39.386Z,73.52,97.28
2026-01-21T19:49:41.386Z,72.93,97.16
2026-01-21T19:49:43.386Z,74.63,97.67
2026-01-21T19:49:45.386Z,72.36,97.57
2026-01-21T19:49:47.386Z,74.96,97.02
2026-01-21T19:49:49.386Z,71.63,97.54
2026-01-21T19:49:51.386Z,72.47,97.05
2026-01-21T19:49:53.386Z,71.58,97.44
2026-01-21T19:49:55.386Z,77.4,97.61
2026-01-21T19:49:57.386Z,70.35,97.05
2026-01-21T19:49:59.386Z,67.62,97.38
2026-01-21T19:50:01.386Z,71.75,96.77
2026-01-21T19:50:03.386Z,70.98,96.46
2026-01-21T19:50:05.386Z,67.74,97.69
2026-01-21T19:50:07.386Z,68.34,97.47
2026-01-21T19:50:09.386Z,68.83,96.79
2026-01-21T19:50:11.386Z,74.35,96.48
2026-01-21T19:50:13.386Z,74.5,96.27
2026-01-21T19:50:15.386Z,75.87,97.84
2026-01-21T19:50:17.386Z,71.03,97.3
2026-01-21T19:50:19.386Z,75.57,97.12
2026-01-21T19:50:21.386Z,73.9,97.38
2026-01-21T19:50:23.386Z,74.51,97.37
2026-01-21T19:50:25.386Z,71.3,97.44
2026-01-21T19:50:27.386Z,72.98,97.01
2026-01-21T19:50:29.386Z,69.28,97.62
2026-01-21T19:50:31.386Z,69.0,97.15
2026-01-21T19:50:33.386Z,72.68,97.35
2026-01-21T19:50:35.386Z,73.81,96.52
2026-01-21T19:50:37.386Z,70.55,97.53
2026-01-21T19:50:39.386Z,71.37,97.96
2026-01-21T19:50:41.386Z,70.77,97.18
2026-01-21T19:50:43.386Z,75.69,97.18
2026-01-21T19:50:45.386Z,71.62,97.45
2026-01-21T19:50:47.386Z,72.0,96.25
2026-01-21T19:50:49.386Z,70.14,97.2
2026-01-21T19:50:51.386Z,71.51,97.05
2026-01-21T19:50:53.386Z,74.21,97.8
2026-01-21T19:50:55.386Z,75.71,96.71
2026-01-21T19:50:57.386Z,73.0,97.69
2026-01-21T19:50:59.386Z,75.87,98.2
2026-01-21T19:51:01.386Z,72.97,97.25
2026-01-21T19:51:03.386Z,77.36,96.62
2026-01-21T19:51:05.386Z,71.36,97.09
2026-01-21T19:51:07.386Z,70.53,96.96
2026-01-21T19:51:09.386Z,73.22,97.1
2026-01-21T19:51:11.386Z,73.54,97.32
2026-01-21T19:51:13.386Z,72.03,97.11
2026-01-21T19:51:15.386Z,76.42,97.47
2026-01-21T19:51:17.386Z,75.1,96.6
2026-01-21T19:51:19.386Z,75.5,96.93
2026-01-21T19:51:21.386Z,75.54,97.66
2026-01-21T19:51:23.386Z,73.65,97.87
2026-01-21T19:51:25.386Z,76.26,97.78
2026-01-21T19:51:27.386Z,77.52,97.57
2026-01-21T19:51:29.386Z,81.7,97.41
2026-01-21T19:51:31.386Z,78.33,97.2
2026-01-21T19:51:33.386Z,71.36,97.25
2026-01-21T19:51:35.386Z,70.97,97.39
2026-01-21T19:51:37.386Z,74.68,96.95
2026-01-21T19:51:39.386Z,74.04,97.21
2026-01-21T19:51:41.386Z,75.99,96.81
2026-01-21T19:51:43.386Z,73.68,97.09
2026-01-21T19:51:45.386Z,71.08,97.83
2026-01-21T19:51:47.386Z,75.82,96.45
2026-01-21T19:51:49.386Z,70.47,96.83
2026-01-21T19:51:51.386Z,73.38,97.05
2026-01-21T19:51:53.386Z,74.23,96.85
2026-01-21T19:51:55.386Z,70.74,95.96
2026-01-21T19:51:57.386Z,70.76,97.96
2026-01-21T19:51:59.386Z,74.58,98.06
2026-01-21T19:52:01.386Z,73.71,97.25
2026-01-21T19:52:03.386Z,75.32,96.49
2026-01-21T19:52:05.386Z,76.45,97.39
2026-01-21T19:52:07.386Z,80.7,96.96
2026-01-21T19:52:09.386Z,74.34,95.83
2026-01-21T19:52:11.386Z,73.01,98.25
2026-01-21T19:52:13.386Z,71.12,96.42
2026-01-21T19:52:15.386Z,76.01,96.7
2026-01-21T19:52:17.386Z,74.22,96.25
2026-01-21T19:52:19.386Z,75.45,97.61
2026-01-21T19:52:21.386Z,79.85,97.63
2026-01-21T19:52:23.386Z,75.18,96.8
2026-01-21T19:52:25.386Z,72.81,97.0
2026-01-21T19:52:27.386Z,74.78,96.96
2026-01-21T19:52:29.386Z,76.99,96.87
2026-01-21T19:52:31.386Z,75.28,96.94
2026-01-21T19:52:33.386Z,80.17,96.28
2026-01-21T19:52:35.386Z,76.79,96.78
2026-01-21T19:52:37.386Z,73.01,97.16
2026-01-21T19:52:39.386Z,79.73,96.58
2026-01-21T19:52:41.386Z,69.76,97.07
2026-01-21T19:52:43.386Z,77.17,96.57
2026-01-21T19:52:45.386Z,75.21,96.03
2026-01-21T19:52:47.386Z,74.7,97.17
2026-01-21T19:52:49.386Z,77.31,96.85
2026-01-21T19:52:51.386Z,76.03,96.81
2026-01-21T19:52:53.386Z,80.88,97.4
2026-01-21T19:52:55.386Z,70.47,96.84
2026-01-21T19:52:57.386Z,81.72,96.87
2026-01-21T19:52:59.386Z,73.29,96.21
2026-01-21T19:53:01.386Z,73.8,96.72
2026-01-21T19:53:03.386Z,74.89,95.99
2026-01-21T19:53:05.386Z,78.4,95.89
2026-01-21T19:53:07.386Z,77.35,96.77
2026-01-21T19:53:09.386Z,81.22,97.26
2026-01-21T19:53:11.386Z,79.22,96.63
2026-01-21T19:53:13.386Z,74.25,97.2
2026-01-21T19:53:15.386Z,76.92,96.07
2026-01-21T19:53:17.386Z,79.22,98.05
2026-01-21T19:53:19.386Z,80.52,96.92
2026-01-21T19:53:21.386Z,73.25,96.84
2026-01-21T19:53:23.386Z,77.61,97.24
2026-01-21T19:53:25.386Z,79.95,96.86
2026-01-21T19:53:27.386Z,76.85,96.7
2026-01-21T19:53:29.386Z,75.92,96.82
2026-01-21T19:53:31.386Z,78.39,97.96
2026-01-21T19:53:33.386Z,78.68,96.49
2026-01-21T19:53:35.386Z,76.81,97.26
2026-01-21T19:53:37.386Z,74.73,96.94
2026-01-21T19:53:39.386Z,77.81,96.63
2026-01-21T19:53:41.386Z,78.45,96.5
2026-01-21T19:53:43.386Z,78.05,96.27
2026-01-21T19:53:45.386Z,79.68,96.79
2026-01-21T19:53:47.386Z,78.46,97.03
2026-01-21T19:53:49.386Z,72.53,96.51
2026-01-21T19:53:51.386Z,69.84,97.01
2026-01-21T19:53:53.386Z,74.31,96.72
2026-01-21T19:53:55.386Z,81.06,96.59
2026-01-21T19:53:57.386Z,73.22,97.82
2026-01-21T19:53:59.386Z,81.34,96.37
2026-01-21T19:54:01.386Z,70.99,96.5
2026-01-21T19:54:03.386Z,80.85,96.81
2026-01-21T19:54:05.386Z,74.67,96.8
2026-01-21T19:54:07.386Z,75.1,96.06
2026-01-21T19:54:09.386Z,76.26,96.51
2026-01-21T19:54:11.386Z,77.93,96.84
2026-01-21T19:54:13.386Z,78.71,96.59
2026-01-21T19:54:15.386Z,78.08,95.71
2026-01-21T19:54:17.386Z,73.48,96.34
2026-01-21T19:54:19.386Z,77.71,96.21
2026-01-21T19:54:21.386Z,77.47,96.32
2026-01-21T19:54:23.386Z,79.14,96.85
2026-01-21T19:54:25.386Z,73.36,96.78
2026-01-21T19:54:27.386Z,79.58,97.49
2026-01-21T19:54:29.386Z,72.26,96.52
2026-01-21T19:54:31.386Z,79.93,95.77
2026-01-21T19:54:33.386Z,74.03,96.29
2026-01-21T19:54:35.386Z,80.9,96.91
2026-01-21T19:54:37.386Z,73.68,97.35
2026-01-21T19:54:39.386Z,81.66,97.55
2026-01-21T19:54:41.386Z,78.87,96.75
2026-01-21T19:54:43.386Z,77.93,96.79
2026-01-21T19:54:45.386Z,79.56,97.7
2026-01-21T19:54:47.386Z,75.44,95.8
2026-01-21T19:54:49.386Z,76.03,96.3
2026-01-21T19:54:51.386Z,74.81,96.67
2026-01-21T19:54:53.386Z,84.02,95.92
2026-01-21T19:54:55.386Z,80.69,96.85
2026-01-21T19:54:57.386Z,76.8,96.05
2026-01-21T19:54:59.386Z,81.32,96.5
2026-01-21T19:55:01.386Z,80.87,96.69
2026-01-21T19:55:03.386Z,76.68,95.89
2026-01-21T19:55:05.386Z,79.64,96.35
2026-01-21T19:55:07.386Z,76.88,96.07
2026-01-21T19:55:09.386Z,76.7,97.46
2026-01-21T19:55:11.386Z,81.2,96.05
2026-01-21T19:55:13.386Z,77.29,96.89
2026-01-21T19:55:15.386Z,75.88,97.02
2026-01-21T19:55:17.386Z,73.66,97.21
2026-01-21T19:55:19.386Z,76.45,96.44
2026-01-21T19:55:21.386Z,74.63,96.33
2026-01-21T19:55:23.386Z,83.84,96.08
2026-01-21T19:55:25.386Z,76.19,96.37
2026-01-21T19:55:27.386Z,81.03,96.97
2026-01-21T19:55:29.386Z,79.74,96.37
2026-01-21T19:55:31.386Z,76.7,96.04
2026-01-21T19:55:33.386Z,79.8,96.74
2026-01-21T19:55:35.386Z,79.76,96.17
2026-01-21T19:55:37.386Z,76.01,96.62
2026-01-21T19:55:39.386Z,76.68,96.79
2026-01-21T19:55:41.386Z,79.97,95.99
2026-01-21T19:55:43.386Z,77.92,96.3
2026-01-21T19:55:45.386Z,79.15,96.49
2026-01-21T19:55:47.386Z,80.58,96.93
2026-01-21T19:55:49.386Z,79.26,97.61
2026-01-21T19:55:51.386Z,79.19,96.76
2026-01-21T19:55:53.386Z,77.45,96.35
2026-01-21T19:55:55.386Z,82.35,96.93
2026-01-21T19:55:57.386Z,80.14,96.07
2026-01-21T19:55:59.386Z,77.82,95.91
2026-01-21T19:56:01.386Z,79.19,96.34
2026-01-21T19:56:03.386Z,82.61,96.22
2026-01-21T19:56:05.386Z,73.11,96.2
2026-01-21T19:56:07.386Z,81.66,96.52
2026-01-21T19:56:09.386Z,82.29,96.09
2026-01-21T19:56:11.386Z,76.3,96.74
2026-01-21T19:56:13.386Z,77.57,95.58
2026-01-21T19:56:15.386Z,78.71,96.17
2026-01-21T19:56:17.386Z,81.97,96.82
2026-01-21T19:56:19.386Z,78.72,96.74
2026-01-21T19:56:21.386Z,79.12,96.71
2026-01-21T19:56:23.386Z,79.74,96.96
2026-01-21T19:56:25.386Z,82.39,95.39
2026-01-21T19:56:27.386Z,83.39,96.43
2026-01-21T19:56:29.386Z,83.08,96.96
2026-01-21T19:56:31.386Z,80.56,96.52
2026-01-21T19:56:33.386Z,78.55,96.2
2026-01-21T19:56:35.386Z,83.67,97.28
2026-01-21T19:56:37.386Z,78.15,96.33
2026-01-21T19:56:39.386Z,78.35,95.4
2026-01-21T19:56:41.386Z,78.7,96.43
2026-01-21T19:56:43.386Z,81.78,95.84
2026-01-21T19:56:45.386Z,76.95,96.21
2026-01-21T19:56:47.386Z,80.54,96.01
2026-01-21T19:56:49.386Z,80.67,96.59
2026-01-21T19:56:51.386Z,79.15,96.9
2026-01-21T19:56:53.386Z,78.57,96.3
2026-01-21T19:56:55.386Z,75.34,95.55
2026-01-21T19:56:57.386Z,77.97,96.34
2026-01-21T19:56:59.386Z,81.0,96.49
2026-01-21T19:57:01.386Z,79.08,96.34
2026-01-21T19:57:03.386Z,74.62,95.68
2026-01-21T19:57:05.386Z,81.98,96.18
2026-01-21T19:57:07.386Z,80.64,96.41
2026-01-21T19:57:09.386Z,79.78,95.95
2026-01-21T19:57:11.386Z,78.74,96.07
2026-01-21T19:57:13.386Z,78.47,95.81
2026-01-21T19:57:15.386Z,77.77,95.67
2026-01-21T19:57:17.386Z,82.4,95.49
2026-01-21T19:57:19.386Z,81.89,96.54
2026-01-21T19:57:21.386Z,76.81,96.54
2026-01-21T19:57:23.386Z,79.48,95.92
2026-01-21T19:57:25.386Z,77.3,96.36
2026-01-21T19:57:27.386Z,81.42,96.29
2026-01-21T19:57:29.386Z,73.81,96.92
2026-01-21T19:57:31.386Z,90.38,95.65
2026-01-21T19:57:33.386Z,75.05,96.43
2026-01-21T19:57:35.386Z,80.89,96.59
2026-01-21T19:57:37.386Z,79.47,96.08
2026-01-21T19:57:39.386Z,77.62,95.55
2026-01-21T19:57:41.386Z,76.18,96.73
2026-01-21T19:57:43.386Z,78.14,96.33
2026-01-21T19:57:45.386Z,82.39,94.95
2026-01-21T19:57:47.386Z,81.96,95.93
2026-01-21T19:57:49.386Z,74.76,95.39
2026-01-21T19:57:51.386Z,82.51,96.06
2026-01-21T19:57:53.386Z,78.77,95.97
2026-01-21T19:57:55.386Z,82.2,96.88
2026-01-21T19:57:57.386Z,81.36,95.94
2026-01-21T19:57:59.386Z,80.54,95.6
2026-01-21T19:58:01.386Z,83.57,96.34
2026-01-21T19:58:03.386Z,76.8,96.03
2026-01-21T19:58:05.386Z,80.64,96.59
2026-01-21T19:58:07.386Z,79.2,95.49
2026-01-21T19:58:09.386Z,79.87,96.46
2026-01-21T19:58:11.386Z,80.85,96.42
2026-01-21T19:58:13.386Z,79.73,95.57
2026-01-21T19:58:15.386Z,77.97,95.04
2026-01-21T19:58:17.386Z,77.32,96.19
2026-01-21T19:58:19.386Z,79.3,95.89
2026-01-21T19:58:21.386Z,78.06,95.75
2026-01-21T19:58:23.386Z,80.72,95.95
2026-01-21T19:58:25.386Z,75.66,95.97
2026-01-21T19:58:27.386Z,79.18,96.25
2026-01-21T19:58:29.386Z,76.63,96.27
2026-01-21T19:58:31.386Z,75.86,96.12
2026-01-21T19:58:33.386Z,79.27,96.26
2026-01-21T19:58:35.386Z,78.26,95.08
2026-01-21T19:58:37.386Z,81.05,96.55
2026-01-21T19:58:39.386Z,80.81,96.07
2026-01-21T19:58:41.386Z,79.86,96.1
2026-01-21T19:58:43.386Z,78.82,95.95
2026-01-21T19:58:45.386Z,81.59,95.84
2026-01-21T19:58:47.386Z,75.15,96.08
2026-01-21T19:58:49.386Z,84.49,97.4
2026-01-21T19:58:51.386Z,77.77,96.61
2026-01-21T19:58:53.386Z,72.09,96.58
2026-01-21T19:58:55.386Z,77.64,96.77
2026-01-21T19:58:57.386Z,78.33,94.95
2026-01-21T19:58:59.386Z,78.89,95.86
2026-01-21T19:59:01.386Z,79.57,95.87
2026-01-21T19:59:03.386Z,76.91,95.27
2026-01-21T19:59:05.386Z,82.34,95.86
2026-01-21T19:59:07.386Z,81.47,95.95
2026-01-21T19:59:09.386Z,84.87,96.54
2026-01-21T19:59:11.386Z,79.81,94.46
2026-01-21T19:59:13.386Z,80.38,96.01
2026-01-21T19:59:15.386Z,76.98,95.36
2026-01-21T19:59:17.386Z,84.05,96.41
2026-01-21T19:59:19.386Z,85.94,96.74
2026-01-21T19:59:21.386Z,81.7,96.41
2026-01-21T19:59:23.386Z,75.77,95.86
2026-01-21T19:59:25.386Z,80.62,95.77
2026-01-21T19:59:27.386Z,76.71,95.6
2026-01-21T19:59:29.386Z,82.41,94.88
2026-01-21T19:59:31.386Z,76.75,96.1
2026-01-21T19:59:33.386Z,80.34,95.8
2026-01-21T19:59:35.386Z,85.72,95.62
2026-01-21T19:59:37.386Z,76.8,95.62
2026-01-21T19:59:39.386Z,78.49,95.94
2026-01-21T19:59:41.386Z,79.05,95.64
2026-01-21T19:59:43.386Z,79.44,96.54
2026-01-21T19:59:45.386Z,82.16,95.82
2026-01-21T19:59:47.386Z,82.12,95.8
2026-01-21T19:59:49.386Z,80.54,95.5
2026-01-21T19:59:51.386Z,84.05,95.62
2026-01-21T19:59:53.386Z,73.92,95.4
2026-01-21T19:59:55.386Z,77.41,95.7
2026-01-21T19:59:57.386Z,81.17,95.46
2026-01-21T19:59:59.386Z,78.38,95.51
2026-01-21T20:00:01.386Z,78.27,96.12
2026-01-21T20:00:03.386Z,79.15,95.99
2026-01-21T20:00:05.386Z,81.5,96.33
2026-01-21T20:00:07.386Z,78.15,96.69
2026-01-21T20:00:09.386Z,78.47,95.75
2026-01-21T20:00:11.386Z,78.46,96.23
2026-01-21T20:00:13.386Z,80.28,95.82
2026-01-21T20:00:15.386Z,76.09,96.26
2026-01-21T20:00:17.386Z,78.54,96.14
2026-01-21T20:00:19.386Z,77.76,95.04
2026-01-21T20:00:21.386Z,81.4,96.04
2026-01-21T20:00:23.386Z,79.34,95.83
2026-01-21T20:00:25.386Z,85.6,95.44
2026-01-21T20:00:27.386Z,77.58,95.66
2026-01-21T20:00:29.386Z,82.85,95.56
2026-01-21T20:00:31.386Z,80.64,96.45
2026-01-21T20:00:33.386Z,83.8,96.58
2026-01-21T20:00:35.386Z,78.7,97.41
2026-01-21T20:00:37.386Z,83.33,95.03
2026-01-21T20:00:39.386Z,78.44,97.14
2026-01-21T20:00:41.386Z,81.18,96.05
2026-01-21T20:00:43.386Z,79.38,96.17
2026-01-21T20:00:45.386Z,80.97,96.01
2026-01-21T20:00:47.386Z,81.65,96.17
2026-01-21T20:00:49.386Z,84.11,95.67
2026-01-21T20:00:51.386Z,77.73,96.59
2026-01-21T20:00:53.386Z,81.49,95.38
2026-01-21T20:00:55.386Z,83.62,95.82
2026-01-21T20:00:57.386Z,81.19,96.2
2026-01-21T20:00:59.386Z,77.66,96.19
2026-01-21T20:01:01.386Z,79.38,95.54
2026-01-21T20:01:03.386Z,82.32,96.03
2026-01-21T20:01:05.386Z,83.23,95.7
2026-01-21T20:01:07.386Z,81.38,95.78
2026-01-21T20:01:09.386Z,81.86,95.99
2026-01-21T20:01:11.386Z,74.26,97.09
2026-01-21T20:01:13.386Z,76.76,96.12
2026-01-21T20:01:15.386Z,82.62,95.72
2026-01-21T20:01:17.386Z,77.76,95.75
2026-01-21T20:01:19.386Z,72.34,95.71
2026-01-21T20:01:21.386Z,78.63,96.72
2026-01-21T20:01:23.386Z,81.57,96.02
2026-01-21T20:01:25.386Z,82.84,95.91
2026-01-21T20:01:27.386Z,79.05,95.61
2026-01-21T20:01:29.386Z,78.37,95.8
2026-01-21T20:01:31.386Z,80.97,96.02
2026-01-21T20:01:33.386Z,80.88,95.24
2026-01-21T20:01:35.386Z,82.32,95.16
2026-01-21T20:01:37.386Z,78.22,96.39
2026-01-21T20:01:39.386Z,79.28,96.39
2026-01-21T20:01:41.386Z,76.3,96.04
2026-01-21T20:01:43.386Z,85.2,95.68
2026-01-21T20:01:45.386Z,82.77,95.35
2026-01-21T20:01:47.386Z,79.41,95.67
2026-01-21T20:01:49.386Z,75.47,95.95
2026-01-21T20:01:51.386Z,76.96,95.23
2026-01-21T20:01:53.386Z,77.55,95.87
2026-01-21T20:01:55.386Z,77.0,96.53
2026-01-21T20:01:57.386Z,80.39,95.6
2026-01-21T20:01:59.386Z,85.22,95.77
2026-01-21T20:02:01.386Z,75.24,95.45
2026-01-21T20:02:03.386Z,83.59,96.36
2026-01-21T20:02:05.386Z,83.07,95.56
2026-01-21T20:02:07.386Z,77.76,95.39
2026-01-21T20:02:09.386Z,76.82,95.94
2026-01-21T20:02:11.386Z,77.53,95.36
2026-01-21T20:02:13.386Z,81.23,95.74
2026-01-21T20:02:15.386Z,79.32,95.68
2026-01-21T20:02:17.386Z,78.92,94.84
2026-01-21T20:02:19.386Z,83.54,95.75
2026-01-21T20:02:21.386Z,79.7,95.24
2026-01-21T20:02:23.386Z,81.74,95.23
2026-01-21T20:02:25.386Z,82.16,95.53
2026-01-21T20:02:27.386Z,74.36,96.28
2026-01-21T20:02:29.386Z,75.28,94.84
2026-01-21T20:02:31.386Z,77.21,95.62
2026-01-21T20:02:33.386Z,79.04,95.57
2026-01-21T20:02:35.386Z,85.1,95.88
2026-01-21T20:02:37.386Z,78.55,95.35
2026-01-21T20:02:39.386Z,78.31,95.42
2026-01-21T20:02:41.386Z,79.14,95.87
2026-01-21T20:02:43.386Z,79.84,95.65
2026-01-21T20:02:45.386Z,84.84,96.17
2026-01-21T20:02:47.386Z,77.13,95.31
2026-01-21T20:02:49.386Z,81.85,95.68
2026-01-21T20:02:51.386Z,76.92,95.64
2026-01-21T20:02:53.386Z,83.07,96.13
2026-01-21T20:02:55.386Z,79.52,94.89
2026-01-21T20:02:57.386Z,78.22,95.98
2026-01-21T20:02:59.386Z,84.57,94.67
2026-01-21T20:03:01.386Z,77.69,95.61
2026-01-21T20:03:03.386Z,80.17,95.63
2026-01-21T20:03:05.386Z,79.39,94.96
2026-01-21T20:03:07.386Z,77.44,95.65
2026-01-21T20:03:09.386Z,78.79,96.35
2026-01-21T20:03:11.386Z,77.99,95.2
2026-01-21T20:03:13.386Z,80.45,95.95
2026-01-21T20:03:15.386Z,77.51,95.51
2026-01-21T20:03:17.386Z,78.23,95.33
2026-01-21T20:03:19.386Z,72.39,95.38
2026-01-21T20:03:21.386Z,79.78,95.31
2026-01-21T20:03:23.386Z,73.88,95.95
2026-01-21T20:03:25.386Z,84.36,96.59
2026-01-21T20:03:27.386Z,72.97,95.38
2026-01-21T20:03:29.386Z,74.64,95.52
2026-01-21T20:03:31.386Z,75.44,95.93
2026-01-21T20:03:33.386Z,76.08,95.78
2026-01-21T20:03:35.386Z,86.23,95.91
2026-01-21T20:03:37.386Z,81.33,95.28
2026-01-21T20:03:39.386Z,79.76,95.24
2026-01-21T20:03:41.386Z,79.71,96.49
2026-01-21T20:03:43.386Z,84.09,96.14
2026-01-21T20:03:45.386Z,79.53,96.12
2026-01-21T20:03:47.386Z,75.34,96.82
2026-01-21T20:03:49.386Z,78.54,95.49
2026-01-21T20:03:51.386Z,83.82,95.49
2026-01-21T20:03:53.386Z,79.77,96.46
2026-01-21T20:03:55.386Z,77.38,94.75
2026-01-21T20:03:57.386Z,76.79,96.16
2026-01-21T20:03:59.386Z,79.88,95.29
2026-01-21T20:04:01.386Z,79.37,95.76
2026-01-21T20:04:03.386Z,80.59,95.42
2026-01-21T20:04:05.386Z,76.38,96.11
2026-01-21T20:04:07.386Z,77.69,95.72
2026-01-21T20:04:09.386Z,74.09,96.24
2026-01-21T20:04:11.386Z,75.32,96.45
2026-01-21T20:04:13.386Z,77.81,95.17
2026-01-21T20:04:15.386Z,78.9,96.37
2026-01-21T20:04:17.386Z,72.24,95.41
2026-01-21T20:04:19.386Z,79.35,94.88
2026-01-21T20:04:21.386Z,71.22,96.13
2026-01-21T20:04:23.386Z,78.92,95.46
2026-01-21T20:04:25.386Z,79.88,94.84
2026-01-21T20:04:27.386Z,78.18,94.59
2026-01-21T20:04:29.386Z,78.46,94.62
2026-01-21T20:04:31.386Z,81.67,95.92
2026-01-21T20:04:33.386Z,71.55,95.76
2026-01-21T20:04:35.386Z,76.46,96.13
2026-01-21T20:04:37.386Z,79.11,95.29
2026-01-21T20:04:39.386Z,81.42,95.9
2026-01-21T20:04:41.386Z,77.86,95.54
2026-01-21T20:04:43.386Z,79.17,95.35
2026-01-21T20:04:45.386Z,77.06,94.82
2026-01-21T20:04:47.386Z,79.17,95.32
2026-01-21T20:04:49.386Z,78.02,96.09
2026-01-21T20:04:51.386Z,77.04,95.5
2026-01-21T20:04:53.386Z,73.15,96.13
2026-01-21T20:04:55.386Z,82.14,96.3
2026-01-21T20:04:57.386Z,79.65,95.83
2026-01-21T20:04:59.386Z,75.67,95.79
2026-01-21T20:05:01.386Z,78.32,95.02
2026-01-21T20:05:03.386Z,76.12,95.51
2026-01-21T20:05:05.386Z,80.46,95.37
2026-01-21T20:05:07.386Z,77.18,95.08
2026-01-21T20:05:09.386Z,74.68,96.1
2026-01-21T20:05:11.386Z,74.73,94.93
2026-01-21T20:05:13.386Z,77.86,95.19
2026-01-21T20:05:15.386Z,77.61,96.11
2026-01-21T20:05:17.386Z,78.1,95.24
2026-01-21T20:05:19.386Z,82.69,95.06
2026-01-21T20:05:21.386Z,72.89,95.76
2026-01-21T20:05:23.386Z,76.97,95.21
2026-01-21T20:05:25.386Z,73.87,95.15
2026-01-21T20:05:27.386Z,72.15,96.1
2026-01-21T20:05:29.386Z,78.27,95.04
2026-01-21T20:05:31.386Z,76.96,94.76
2026-01-21T20:05:33.386Z,73.58,95.45
2026-01-21T20:05:35.386Z,73.7,96.1
2026-01-21T20:05:37.386Z,74.47,95.51
2026-01-21T20:05:39.386Z,72.85,95.51
2026-01-21T20:05:41.386Z,81.27,95.61
2026-01-21T20:05:43.386Z,73.38,95.51
2026-01-21T20:05:45.386Z,74.05,95.57
2026-01-21T20:05:47.386Z,74.45,95.27
2026-01-21T20:05:49.386Z,76.4,96.22
2026-01-21T20:05:51.386Z,69.68,95.49
2026-01-21T20:05:53.386Z,75.18,95.29
2026-01-21T20:05:55.386Z,73.1,95.15
2026-01-21T20:05:57.386Z,76.93,95.2
2026-01-21T20:05:59.386Z,71.06,96.47
2026-01-21T20:06:01.386Z,72.51,95.52
2026-01-21T20:06:03.386Z,77.1,95.26
2026-01-21T20:06:05.386Z,71.88,95.71
2026-01-21T20:06:07.386Z,79.5,95.73
2026-01-21T20:06:09.386Z,77.67,94.94
2026-01-21T20:06:11.386Z,77.32,95.83
2026-01-21T20:06:13.386Z,73.96,95.74
2026-01-21T20:06:15.386Z,77.05,95.68
2026-01-21T20:06:17.386Z,78.68,95.6
2026-01-21T20:06:19.386Z,72.41,95.37
2026-01-21T20:06:21.386Z,74.74,96.76
2026-01-21T20:06:23.386Z,71.9,95.26
2026-01-21T20:06:25.386Z,76.82,97.07
2026-01-21T20:06:27.386Z,76.7,96.03
2026-01-21T20:06:29.386Z,72.58,95.03
2026-01-21T20:06:31.386Z,77.33,94.97
2026-01-21T20:06:33.386Z,76.09,95.62
2026-01-21T20:06:35.386Z,74.86,94.93
2026-01-21T20:06:37.386Z,71.83,95.92
2026-01-21T20:06:39.386Z,69.95,94.62
2026-01-21T20:06:41.386Z,67.11,94.32
2026-01-21T20:06:43.386Z,80.93,95.78
2026-01-21T20:06:45.386Z,75.37,94.95
2026-01-21T20:06:47.386Z,73.9,96.2
2026-01-21T20:06:49.386Z,75.41,94.96
2026-01-21T20:06:51.386Z,75.67,95.19
2026-01-21T20:06:53.386Z,75.16,95.33
2026-01-21T20:06:55.386Z,75.02,95.56
2026-01-21T20:06:57.386Z,76.48,95.64
2026-01-21T20:06:59.386Z,74.83,95.86
2026-01-21T20:07:01.386Z,73.66,95.53
2026-01-21T20:07:03.386Z,76.78,96.27
2026-01-21T20:07:05.386Z,76.21,95.89
2026-01-21T20:07:07.386Z,80.62,94.84
2026-01-21T20:07:09.386Z,77.6,95.6
2026-01-21T20:07:11.386Z,76.16,96.03
2026-01-21T20:07:13.386Z,75.56,94.67
2026-01-21T20:07:15.386Z,76.74,95.79
2026-01-21T20:07:17.386Z,73.18,95.98
2026-01-21T20:07:19.386Z,73.43,95.66
2026-01-21T20:07:21.386Z,74.45,95.68
2026-01-21T20:07:23.386Z,75.25,95.46
2026-01-21T20:07:25.386Z,72.95,95.7
2026-01-21T20:07:27.386Z,78.57,95.36
2026-01-21T20:07:29.386Z,75.29,95.47
2026-01-21T20:07:31.386Z,73.57,95.02
2026-01-21T20:07:33.386Z,72.2,96.21
2026-01-21T20:07:35.386Z,74.29,95.89
2026-01-21T20:07:37.386Z,76.45,94.81
2026-01-21T20:07:39.386Z,76.66,95.18
2026-01-21T20:07:41.386Z,76.45,96.24
2026-01-21T20:07:43.386Z,76.36,96.09
2026-01-21T20:07:45.386Z,76.05,94.75
2026-01-21T20:07:47.386Z,66.96,95.38
2026-01-21T20:07:49.386Z,76.87,95.82
2026-01-21T20:07:51.386Z,73.0,95.65
2026-01-21T20:07:53.386Z,76.72,96.38
2026-01-21T20:07:55.386Z,69.85,95.68
2026-01-21T20:07:57.386Z,72.71,95.42
2026-01-21T20:07:59.386Z,74.42,95.01
2026-01-21T20:08:01.386Z,75.54,96.6
2026-01-21T20:08:03.386Z,73.77,94.77
2026-01-21T20:08:05.386Z,75.26,95.09
2026-01-21T20:08:07.386Z,73.76,96.17
2026-01-21T20:08:09.386Z,79.86,96.08
2026-01-21T20:08:11.386Z,72.05,95.23
2026-01-21T20:08:13.386Z,79.08,95.8
2026-01-21T20:08:15.386Z,70.0,95.4
2026-01-21T20:08:17.386Z,68.28,95.5
2026-01-21T20:08:19.386Z,74.26,95.01
2026-01-21T20:08:21.386Z,72.44,94.88
2026-01-21T20:08:23.386Z,74.27,96.0
2026-01-21T20:08:25.386Z,74.42,95.73
2026-01-21T20:08:27.386Z,73.85,95.75
2026-01-21T20:08:29.386Z,70.87,95.47
2026-01-21T20:08:31.386Z,76.07,95.75
2026-01-21T20:08:33.386Z,73.31,96.11
2026-01-21T20:08:35.386Z,71.64,95.45
2026-01-21T20:08:37.386Z,74.38,96.01
2026-01-21T20:08:39.386Z,75.81,95.28
2026-01-21T20:08:41.386Z,74.61,95.22
2026-01-21T20:08:43.386Z,72.54,95.51
2026-01-21T20:08:45.386Z,72.86,95.38
2026-01-21T20:08:47.386Z,72.82,95.79
2026-01-21T20:08:49.386Z,74.49,95.15
2026-01-21T20:08:51.386Z,70.9,95.62
2026-01-21T20:08:53.386Z,74.01,95.31
2026-01-21T20:08:55.386Z,73.52,95.91
2026-01-21T20:08:57.386Z,74.64,95.3
2026-01-21T20:08:59.386Z,67.75,95.62
2026-01-21T20:09:01.386Z,73.99,96.44
2026-01-21T20:09:03.386Z,71.47,95.77
2026-01-21T20:09:05.386Z,68.18,94.4
2026-01-21T20:09:07.386Z,69.62,96.15
2026-01-21T20:09:09.386Z,70.2,95.83
2026-01-21T20:09:11.386Z,72.48,96.41
2026-01-21T20:09:13.386Z,72.73,96.26
2026-01-21T20:09:15.386Z,68.1,95.71
2026-01-21T20:09:17.386Z,68.8,95.82
2026-01-21T20:09:19.386Z,64.6,94.23
2026-01-21T20:09:21.386Z,73.35,95.68
2026-01-21T20:09:23.386Z,74.04,95.38
2026-01-21T20:09:25.386Z,73.25,95.75
2026-01-21T20:09:27.386Z,75.59,94.71
2026-01-21T20:09:29.386Z,75.78,95.86
2026-01-21T20:09:31.386Z,75.6,94.95
2026-01-21T20:09:33.386Z,69.12,96.05
2026-01-21T20:09:35.386Z,73.33,95.85
2026-01-21T20:09:37.386Z,72.33,96.19
2026-01-21T20:09:39.386Z,71.72,94.87
2026-01-21T20:09:41.386Z,74.6,94.51
2026-01-21T20:09:43.386Z,72.77,96.23
2026-01-21T20:09:45.386Z,74.71,95.82
2026-01-21T20:09:47.386Z,73.88,96.21
2026-01-21T20:09:49.386Z,72.65,95.81
2026-01-21T20:09:51.386Z,69.87,95.37
2026-01-21T20:09:53.386Z,69.97,95.74
2026-01-21T20:09:55.386Z,66.62,95.32
2026-01-21T20:09:57.386Z,73.57,95.73
2026-01-21T20:09:59.386Z,73.0,96.0
2026-01-21T20:10:01.386Z,73.45,95.78
2026-01-21T20:10:03.386Z,75.61,95.39
2026-01-21T20:10:05.386Z,70.02,95.17
2026-01-21T20:10:07.386Z,69.56,95.97
2026-01-21T20:10:09.386Z,74.53,95.88
2026-01-21T20:10:11.386Z,72.97,95.79
2026-01-21T20:10:13.386Z,71.17,96.48
2026-01-21T20:10:15.386Z,70.82,95.86
2026-01-21T20:10:17.386Z,72.18,95.27
2026-01-21T20:10:19.386Z,67.21,95.31
2026-01-21T20:10:21.386Z,71.06,95.3
2026-01-21T20:10:23.386Z,75.91,95.52
2026-01-21T20:10:25.386Z,73.5,94.98
2026-01-21T20:10:27.386Z,65.47,95.79
2026-01-21T20:10:29.386Z,74.85,95.77
2026-01-21T20:10:31.386Z,74.4,94.48
2026-01-21T20:10:33.386Z,73.74,95.51
2026-01-21T20:10:35.386Z,74.87,96.17
2026-01-21T20:10:37.386Z,74.61,94.81
2026-01-21T20:10:39.386Z,73.01,95.53
2026-01-21T20:10:41.386Z,67.56,96.18
2026-01-21T20:10:43.386Z,71.73,95.67
2026-01-21T20:10:45.386Z,66.96,95.39
2026-01-21T20:10:47.386Z,68.91,95.98
2026-01-21T20:10:49.386Z,68.2,95.97
2026-01-21T20:10:51.386Z,69.66,94.94
2026-01-21T20:10:53.386Z,74.44,95.64
2026-01-21T20:10:55.386Z,73.45,96.16
2026-01-21T20:10:57.386Z,71.36,96.22
2026-01-21T20:10:59.386Z,72.66,95.77
2026-01-21T20:11:01.386Z,64.95,96.41
2026-01-21T20:11:03.386Z,63.93,95.71
2026-01-21T20:11:05.386Z,67.98,95.37
2026-01-21T20:11:07.386Z,67.65,96.35
2026-01-21T20:11:09.386Z,78.66,94.97
2026-01-21T20:11:11.386Z,73.24,95.61
2026-01-21T20:11:13.386Z,66.32,96.39
2026-01-21T20:11:15.386Z,73.74,96.63
2026-01-21T20:11:17.386Z,69.81,96.44
2026-01-21T20:11:19.386Z,72.24,95.0
2026-01-21T20:11:21.386Z,69.94,95.75
2026-01-21T20:11:23.386Z,68.87,95.7
2026-01-21T20:11:25.386Z,67.42,95.74
2026-01-21T20:11:27.386Z,73.19,96.06
2026-01-21T20:11:29.386Z,69.31,95.69
2026-01-21T20:11:31.386Z,66.49,95.58
2026-01-21T20:11:33.386Z,74.22,96.23
2026-01-21T20:11:35.386Z,68.9,95.93
2026-01-21T20:11:37.386Z,74.73,95.31
2026-01-21T20:11:39.386Z,66.11,94.88
2026-01-21T20:11:41.386Z,76.35,95.94
2026-01-21T20:11:43.386Z,67.24,95.65
2026-01-21T20:11:45.386Z,69.47,94.49
2026-01-21T20:11:47.386Z,71.86,95.56
2026-01-21T20:11:49.386Z,69.38,94.76
2026-01-21T20:11:51.386Z,67.65,95.46
2026-01-21T20:11:53.386Z,72.49,95.67
2026-01-21T20:11:55.386Z,70.78,96.22
2026-01-21T20:11:57.386Z,72.74,95.55
2026-01-21T20:11:59.386Z,70.37,96.59
2026-01-21T20:12:01.386Z,77.19,95.95
2026-01-21T20:12:03.386Z,65.13,95.94
2026-01-21T20:12:05.386Z,73.88,95.6
2026-01-21T20:12:07.386Z,69.55,95.63
2026-01-21T20:12:09.386Z,69.72,95.69
2026-01-21T20:12:11.386Z,65.73,96.32
2026-01-21T20:12:13.386Z,70.68,95.88
2026-01-21T20:12:15.386Z,71.1,94.23
2026-01-21T20:12:17.386Z,74.74,96.66
2026-01-21T20:12:19.386Z,71.84,95.96
2026-01-21T20:12:21.386Z,70.68,94.45
2026-01-21T20:12:23.386Z,72.43,95.24
2026-01-21T20:12:25.386Z,73.24,95.4
2026-01-21T20:12:27.386Z,74.34,95.75
2026-01-21T20:12:29.386Z,70.39,95.52
2026-01-21T20:12:31.386Z,66.23,95.84
2026-01-21T20:12:33.386Z,71.93,95.52
2026-01-21T20:12:35.386Z,71.73,95.55
2026-01-21T20:12:37.386Z,72.75,96.02
2026-01-21T20:12:39.386Z,70.39,96.44
2026-01-21T20:12:41.386Z,66.7,95.92
2026-01-21T20:12:43.386Z,65.78,95.78
2026-01-21T20:12:45.386Z,66.68,95.98
2026-01-21T20:12:47.386Z,71.14,95.37
2026-01-21T20:12:49.386Z,67.91,95.61
2026-01-21T20:12:51.386Z,69.23,95.7
2026-01-21T20:12:53.386Z,70.49,95.85
2026-01-21T20:12:55.386Z,64.65,95.5
2026-01-21T20:12:57.386Z,70.38,95.56
2026-01-21T20:12:59.386Z,73.45,97.22
2026-01-21T20:13:01.386Z,69.21,96.11
2026-01-21T20:13:03.386Z,74.09,96.02
2026-01-21T20:13:05.386Z,72.54,95.06
2026-01-21T20:13:07.386Z,69.08,96.14
2026-01-21T20:13:09.386Z,72.72,96.02
2026-01-21T20:13:11.386Z,76.31,94.79
2026-01-21T20:13:13.386Z,74.74,95.92
2026-01-21T20:13:15.386Z,70.11,96.54
2026-01-21T20:13:17.386Z,69.02,96.16
2026-01-21T20:13:19.386Z,72.51,94.77
2026-01-21T20:13:21.386Z,68.1,96.19
2026-01-21T20:13:23.386Z,73.5,96.59
2026-01-21T20:13:25.386Z,70.61,95.56
2026-01-21T20:13:27.386Z,68.98,95.24
2026-01-21T20:13:29.386Z,65.71,96.59
2026-01-21T20:13:31.386Z,72.26,95.77
2026-01-21T20:13:33.386Z,71.9,95.59
2026-01-21T20:13:35.386Z,63.58,96.08
2026-01-21T20:13:37.386Z,71.06,95.69
2026-01-21T20:13:39.386Z,70.84,95.7
2026-01-21T20:13:41.386Z,67.87,95.85
2026-01-21T20:13:43.386Z,74.39,96.59
2026-01-21T20:13:45.386Z,66.74,95.79
2026-01-21T20:13:47.386Z,68.91,95.56
2026-01-21T20:13:49.386Z,68.87,95.43
2026-01-21T20:13:51.386Z,70.26,95.34
2026-01-21T20:13:53.386Z,69.75,95.53
2026-01-21T20:13:55.386Z,67.98,96.12
2026-01-21T20:13:57.386Z,67.53,95.88
2026-01-21T20:13:59.386Z,68.62,95.23
2026-01-21T20:14:01.386Z,66.35,95.85
2026-01-21T20:14:03.386Z,69.97,95.45
2026-01-21T20:14:05.386Z,67.19,95.95
2026-01-21T20:14:07.386Z,73.1,95.5
2026-01-21T20:14:09.386Z,70.13,96.3
2026-01-21T20:14:11.386Z,67.19,95.22
2026-01-21T20:14:13.386Z,63.03,96.73
2026-01-21T20:14:15.386Z,68.65,95.6
2026-01-21T20:14:17.386Z,66.61,96.55
2026-01-21T20:14:19.386Z,71.11,96.63
2026-01-21T20:14:21.386Z,70.55,95.08
2026-01-21T20:14:23.386Z,69.37,94.36
2026-01-21T20:14:25.386Z,69.55,96.87
2026-01-21T20:14:27.386Z,70.2,95.6
2026-01-21T20:14:29.386Z,68.07,95.65
2026-01-21T20:14:31.386Z,69.75,96.31
2026-01-21T20:14:33.386Z,65.82,95.94
2026-01-21T20:14:35.386Z,71.46,96.21
2026-01-21T20:14:37.386Z,71.2,95.68
2026-01-21T20:14:39.386Z,66.12,95.87
2026-01-21T20:14:41.386Z,67.49,96.14
2026-01-21T20:14:43.386Z,71.26,96.25
2026-01-21T20:14:45.386Z,68.71,95.69
2026-01-21T20:14:47.386Z,65.38,96.61
2026-01-21T20:14:49.386Z,70.88,96.11
2026-01-21T20:14:51.386Z,67.57,96.21
2026-01-21T20:14:53.386Z,68.29,96.24
2026-01-21T20:14:55.386Z,69.24,96.24
2026-01-21T20:14:57.386Z,70.12,96.08
2026-01-21T20:14:59.386Z,68.64,95.72
2026-01-21T20:15:01.386Z,69.11,95.68
2026-01-21T20:15:03.386Z,65.38,95.52
2026-01-21T20:15:05.386Z,73.47,95.5
2026-01-21T20:15:07.386Z,67.88,96.3
2026-01-21T20:15:09.386Z,69.08,95.59
2026-01-21T20:15:11.386Z,71.03,95.89
2026-01-21T20:15:13.386Z,70.82,95.32
2026-01-21T20:15:15.386Z,67.61,96.13
2026-01-21T20:15:17.386Z,61.78,95.35
2026-01-21T20:15:19.386Z,65.11,96.17
2026-01-21T20:15:21.386Z,66.52,96.02
2026-01-21T20:15:23.386Z,68.86,95.67
2026-01-21T20:15:25.386Z,66.28,96.08
2026-01-21T20:15:27.386Z,69.97,97.07
2026-01-21T20:15:29.386Z,67.69,95.46
2026-01-21T20:15:31.386Z,74.1,96.32
2026-01-21T20:15:33.386Z,72.85,95.85
2026-01-21T20:15:35.386Z,71.07,96.24
2026-01-21T20:15:37.386Z,70.63,95.69
2026-01-21T20:15:39.386Z,62.6,96.12
2026-01-21T20:15:41.386Z,72.99,96.69
2026-01-21T20:15:43.386Z,71.37,95.4
2026-01-21T20:15:45.386Z,72.3,95.78
2026-01-21T20:15:47.386Z,66.72,96.03
2026-01-21T20:15:49.386Z,75.98,96.22
2026-01-21T20:15:51.386Z,67.87,96.4
2026-01-21T20:15:53.386Z,62.6,96.33
2026-01-21T20:15:55.386Z,70.91,96.71
2026-01-21T20:15:57.386Z,70.56,95.52
2026-01-21T20:15:59.386Z,71.89,96.32
2026-01-21T20:16:01.386Z,69.93,96.23
2026-01-21T20:16:03.386Z,69.44,96.34
2026-01-21T20:16:05.386Z,72.56,96.25
2026-01-21T20:16:07.386Z,67.23,96.87
2026-01-21T20:16:09.386Z,69.74,95.88
2026-01-21T20:16:11.386Z,71.81,95.51
2026-01-21T20:16:13.386Z,70.02,96.44
2026-01-21T20:16:15.386Z,71.77,96.51
2026-01-21T20:16:17.386Z,73.93,96.34
2026-01-21T20:16:19.386Z,68.76,95.87
2026-01-21T20:16:21.386Z,66.21,96.46
2026-01-21T20:16:23.386Z,76.81,96.84
2026-01-21T20:16:25.386Z,68.55,95.44
2026-01-21T20:16:27.386Z,68.28,96.24
2026-01-21T20:16:29.386Z,66.5,95.74
2026-01-21T20:16:31.386Z,70.3,95.69
2026-01-21T20:16:33.386Z,66.27,96.16
2026-01-21T20:16:35.386Z,66.53,95.89
2026-01-21T20:16:37.386Z,70.76,95.28
2026-01-21T20:16:39.386Z,68.44,96.13
2026-01-21T20:16:41.386Z,70.01,95.81
2026-01-21T20:16:43.386Z,74.36,96.76
2026-01-21T20:16:45.386Z,68.55,96.2
2026-01-21T20:16:47.386Z,74.33,96.21
2026-01-21T20:16:49.386Z,72.46,96.56
2026-01-21T20:16:51.386Z,68.11,96.42
2026-01-21T20:16:53.386Z,73.02,97.28
2026-01-21T20:16:55.386Z,69.15,96.37
2026-01-21T20:16:57.386Z,79.02,95.83
2026-01-21T20:16:59.386Z,72.14,95.52
2026-01-21T20:17:01.386Z,69.6,96.3
2026-01-21T20:17:03.386Z,69.74,96.37
2026-01-21T20:17:05.386Z,69.03,95.49
2026-01-21T20:17:07.386Z,74.96,96.22
2026-01-21T20:17:09.386Z,72.41,96.34
2026-01-21T20:17:11.386Z,64.6,95.74
2026-01-21T20:17:13.386Z,67.63,96.5
2026-01-21T20:17:15.386Z,68.16,95.85
2026-01-21T20:17:17.386Z,75.77,97.12
2026-01-21T20:17:19.386Z,71.07,95.32
2026-01-21T20:17:21.386Z,64.48,96.19
2026-01-21T20:17:23.386Z,70.92,96.51
2026-01-21T20:17:25.386Z,70.71,96.31
2026-01-21T20:17:27.386Z,71.81,96.36
2026-01-21T20:17:29.386Z,70.17,96.49
2026-01-21T20:17:31.386Z,69.09,96.36
2026-01-21T20:17:33.386Z,75.16,96.48
2026-01-21T20:17:35.386Z,69.21,96.24
2026-01-21T20:17:37.386Z,71.15,96.72
2026-01-21T20:17:39.386Z,72.76,96.36
2026-01-21T20:17:41.386Z,71.26,95.78
2026-01-21T20:17:43.386Z,66.64,96.6
2026-01-21T20:17:45.386Z,67.35,97.07
2026-01-21T20:17:47.386Z,69.58,96.5
2026-01-21T20:17:49.386Z,72.85,96.74
2026-01-21T20:17:51.386Z,68.91,96.35
2026-01-21T20:17:53.386Z,76.01,96.89
2026-01-21T20:17:55.386Z,78.32,96.8
2026-01-21T20:17:57.386Z,73.16,95.84
2026-01-21T20:17:59.386Z,72.0,96.63
2026-01-21T20:18:01.386Z,74.37,96.56
2026-01-21T20:18:03.386Z,76.52,96.46
2026-01-21T20:18:05.386Z,72.64,96.44
2026-01-21T20:18:07.386Z,67.87,96.0
2026-01-21T20:18:09.386Z,71.98,96.98
2026-01-21T20:18:11.386Z,71.65,96.38
2026-01-21T20:18:13.386Z,71.72,96.28
2026-01-21T20:18:15.386Z,69.49,96.78
2026-01-21T20:18:17.386Z,71.56,96.61
2026-01-21T20:18:19.386Z,69.33,97.19
2026-01-21T20:18:21.386Z,70.01,97.38
2026-01-21T20:18:23.386Z,76.16,96.02
2026-01-21T20:18:25.386Z,75.08,96.79
2026-01-21T20:18:27.386Z,71.71,96.79
2026-01-21T20:18:29.386Z,70.52,97.03
2026-01-21T20:18:31.386Z,77.54,96.03
2026-01-21T20:18:33.386Z,68.93,95.72
2026-01-21T20:18:35.386Z,71.3,97.02
2026-01-21T20:18:37.386Z,73.27,96.22
2026-01-21T20:18:39.386Z,64.74,97.71
2026-01-21T20:18:41.386Z,75.64,97.37
2026-01-21T20:18:43.386Z,72.05,96.09
2026-01-21T20:18:45.386Z,75.76,96.76
2026-01-21T20:18:47.386Z,72.87,97.17
2026-01-21T20:18:49.386Z,73.03,96.46
2026-01-21T20:18:51.386Z,78.59,96.18
2026-01-21T20:18:53.386Z,75.29,97.08
2026-01-21T20:18:55.386Z,71.07,96.75
2026-01-21T20:18:57.386Z,72.04,96.28
2026-01-21T20:18:59.386Z,71.67,96.24
2026-01-21T20:19:01.386Z,68.75,96.53
2026-01-21T20:19:03.386Z,71.98,96.98
2026-01-21T20:19:05.386Z,71.61,96.52
2026-01-21T20:19:07.386Z,73.85,95.98
2026-01-21T20:19:09.386Z,71.53,95.96
2026-01-21T20:19:11.386Z,72.42,96.59
2026-01-21T20:19:13.386Z,72.9,97.53
2026-01-21T20:19:15.386Z,76.85,96.06
2026-01-21T20:19:17.386Z,70.42,95.63
2026-01-21T20:19:19.386Z,67.77,96.88
2026-01-21T20:19:21.386Z,73.95,95.92
2026-01-21T20:19:23.386Z,72.19,97.06
2026-01-21T20:19:25.386Z,74.73,97.24
2026-01-21T20:19:27.386Z,72.66,96.8
2026-01-21T20:19:29.386Z,76.02,97.05
2026-01-21T20:19:31.386Z,71.43,97.38
2026-01-21T20:19:33.386Z,73.34,96.34
2026-01-21T20:19:35.386Z,74.34,96.54
2026-01-21T20:19:37.386Z,71.22,97.38
2026-01-21T20:19:39.386Z,72.67,97.71
2026-01-21T20:19:41.386Z,76.03,97.11
2026-01-21T20:19:43.386Z,68.84,96.55
2026-01-21T20:19:45.386Z,72.97,96.81
2026-01-21T20:19:47.386Z,72.45,96.52
2026-01-21T20:19:49.386Z,72.64,97.41
2026-01-21T20:19:51.386Z,71.55,97.51
2026-01-21T20:19:53.386Z,72.39,96.85
2026-01-21T20:19:55.386Z,73.92,97.94
2026-01-21T20:19:57.386Z,73.11,96.19
2026-01-21T20:19:59.386Z,80.56,96.61
2026-01-21T20:20:01.386Z,67.64,96.26
2026-01-21T20:20:03.386Z,71.9,96.91
2026-01-21T20:20:05.386Z,72.3,97.56
2026-01-21T20:20:07.386Z,70.54,96.75
2026-01-21T20:20:09.386Z,77.78,97.3
2026-01-21T20:20:11.386Z,74.48,97.01
2026-01-21T20:20:13.386Z,71.26,97.51
2026-01-21T20:20:15.386Z,71.64,96.96
2026-01-21T20:20:17.386Z,72.56,96.06
2026-01-21T20:20:19.386Z,67.8,96.72
2026-01-21T20:20:21.386Z,78.32,97.05
2026-01-21T20:20:23.386Z,71.12,96.49
2026-01-21T20:20:25.386Z,73.11,96.66
2026-01-21T20:20:27.386Z,76.82,96.1
2026-01-21T20:20:29.386Z,74.85,97.14
2026-01-21T20:20:31.386Z,74.75,97.93
2026-01-21T20:20:33.386Z,70.69,96.23
2026-01-21T20:20:35.386Z,72.29,96.86
2026-01-21T20:20:37.386Z,74.07,97.32
2026-01-21T20:20:39.386Z,74.55,96.44
2026-01-21T20:20:41.386Z,78.69,96.79
2026-01-21T20:20:43.386Z,69.5,96.15
2026-01-21T20:20:45.386Z,71.74,96.24
2026-01-21T20:20:47.386Z,75.8,97.56
2026-01-21T20:20:49.386Z,71.6,96.36
2026-01-21T20:20:51.386Z,71.21,96.29
2026-01-21T20:20:53.386Z,72.0,96.93
2026-01-21T20:20:55.386Z,74.04,96.48
2026-01-21T20:20:57.386Z,71.71,96.8
2026-01-21T20:20:59.386Z,74.72,96.92
2026-01-21T20:21:01.386Z,73.91,96.32
2026-01-21T20:21:03.386Z,76.55,97.14
2026-01-21T20:21:05.386Z,79.46,96.87
2026-01-21T20:21:07.386Z,74.85,96.85
2026-01-21T20:21:09.386Z,70.82,96.31
2026-01-21T20:21:11.386Z,69.85,96.84
2026-01-21T20:21:13.386Z,72.84,96.92
2026-01-21T20:21:15.386Z,74.47,96.17
2026-01-21T20:21:17.386Z,78.42,95.81
2026-01-21T20:21:19.386Z,73.02,96.84
2026-01-21T20:21:21.386Z,73.44,96.2
2026-01-21T20:21:23.386Z,77.06,96.91
2026-01-21T20:21:25.386Z,71.51,96.06
2026-01-21T20:21:27.386Z,76.23,97.6
2026-01-21T20:21:29.386Z,71.54,96.63
2026-01-21T20:21:31.386Z,75.24,96.73
2026-01-21T20:21:33.386Z,74.38,98.04
2026-01-21T20:21:35.386Z,75.67,96.47
2026-01-21T20:21:37.386Z,73.38,96.91
2026-01-21T20:21:39.386Z,73.55,96.54
2026-01-21T20:21:41.386Z,74.53,97.25
2026-01-21T20:21:43.386Z,77.85,96.9
2026-01-21T20:21:45.386Z,78.56,96.69
2026-01-21T20:21:47.386Z,79.21,95.93
2026-01-21T20:21:49.386Z,80.61,97.31
